date;br_exchange;br_exchange_rate_h1;br_exchange_rate_h12;br_gap;br_gdp;br_inflation;br_interest;br_m1;br_inflation_rate;us_gap;us_gdp;us_inflation;us_interest;us_m1;us_inflation_rate
1998-12-01;1,2087;0,006243756243756282;0,082676460050161271;0,840338642012179;239929,750454445;1458,20;39,41;50707266000;3,30260079812850e-03;1,034127252626051;2317756,70503011;75,1643503603440;5,14;1,12120e+12;-6,09756097560754e-04
1999-01-01;1,9824;0,640109208240257965;0,764171932010323074;0,848765728301671;250667,999999950;1468,41;38,25;49957188000;7,00178302016186e-03;1,017354479142252;2293218,00000022;75,3477898975261;4,89;1,10390e+12;2,44051250762722e-03
1999-02-01;2,0640;0,041162227602905554;0,825902335456475623;0,860503726700673;243810,236152275;1483,83;41,00;47817257000;1,05011543097635e-02;1,029713977882957;2353354,32193713;75,4395096661171;4,90;1,08520e+12;1,21728545343869e-03
1999-03-01;1,7212;-0,166085271317829464;0,513275892386144017;0,885301381729556;278085,759062771;1500,15;46,00;45497048000;1,09985645255859e-02;1,041155033096807;2398315,37473776;75,6688090875947;4,91;1,09750e+12;3,03951367781208e-03
1999-04-01;1,6599;-0,035614687427376279;0,450581141309096989;0,861289127131196;268708,900000005;1508,55;32,00;44075657000;5,59944005599422e-03;1,025419255265635;2388560,99999923;76,2191276991408;4,88;1,11360e+12;7,27272727272665e-03
1999-05-01;1,7232;0,038134827399241011;0,497783572359843607;0,866887322815638;279037,592741012;1513,08;23,50;44052226000;3,00288356368705e-03;1,024019363727164;2437088,08027951;76,2191276991408;4,92;1,09640e+12;0,00000000000000e+00
1999-06-01;1,7687;0,026404363974001699;0,528827037773359709;0,841438912752080;274822,555206148;1515,95;21,00;45939541000;1,89679329579406e-03;1,048974787678083;2500655,83742748;76,2191276991408;5,13;1,09820e+12;0,00000000000000e+00
1999-07-01;1,7884;0,011138124045909414;0,538540949759118925;0,821765446840623;274125,599999583;1532,47;19,50;48011511000;1,08974570401399e-02;1,008241428763376;2423833,00000018;76,4484271206184;5,24;1,09720e+12;3,00842358604148e-03
1999-08-01;1,9151;0,070845448445537862;0,627241057014189751;0,859914823859605;286111,157364532;1541,05;19,50;47508989000;5,59880454429762e-03;1,016018228258155;2509635,10734979;76,6318666578004;5,41;1,09280e+12;2,39952009598010e-03
1999-09-01;1,9215;0,003341862043757526;0,620698380566801600;0,854747445480414;286932,285723137;1545,83;19,00;46988943000;3,10178125304184e-03;1,017091125859662;2502961,73565179;76,9987457321645;5,50;1,08620e+12;4,78755236385386e-03
1999-10-01;1,9522;0,015977101223002776;0,636104592691920878;0,879012579154142;294207,999999865;1564,23;19,00;48580640000;1,19029906263950e-02;1,044907269987278;2525048,00000050;77,1363253850510;6,13;1,09510e+12;1,78677784395420e-03
1999-11-01;1,9219;-0,015520950722262006;0,599983349983349790;0,929172042398431;296760,995933447;1579,09;19,00;51580026000;9,49988173094751e-03;1,052047675717934;2501139,02340534;77,1821852693466;6,00;1,11300e+12;5,94530321047726e-04
1999-12-01;1,7882;-0,069566574743743170;0,479440721436253714;0,941473544580132;278804,044206868;1588,56;19,00;62744441000;5,99712492638171e-03;1,043010226824407;2473398,44424457;77,1821852693466;6,05;1,14820e+12;0,00000000000000e+00
2000-01-01;1,8016;0,007493568952018803;-0,091202582728006409;0,873681839443009;276926,899999959;1598,41;19,00;56633254000;6,20058417686464e-03;1,027780805241573;2449138,99999976;77,4114846908241;5,95;1,12690e+12;2,97088532382572e-03
2000-02-01;1,7677;-0,018816607460035550;-0,143556201550387619;0,923199880565447;290939,214604908;1600,49;19,00;54038049000;1,30129316007777e-03;1,030865137123709;2501322,97165315;77,8700835337793;6,01;1,09740e+12;5,92417061611483e-03
2000-03-01;1,7465;-0,011992985235051212;0,014699047176388591;0,857002773220427;302922,915709142;1604,01;18,50;53255346000;2,19932645627274e-03;1,052480220668943;2566888,21083699;78,5121219139164;6,14;1,10890e+12;8,24499411071766e-03
2000-04-01;1,8059;0,034010878900658570;0,087957105849750139;0,865997770750819;292788,600000086;1610,75;18,50;53668551000;4,20196881565582e-03;1,044277916481148;2569475,99999896;78,5579817982119;6,28;1,12570e+12;5,84112149532467e-04
2000-05-01;1,8258;0,011019436292153406;0,059540389972144947;0,877940265613479;311202,054803962;1610,91;18,50;52976100000;9,93326090330537e-05;1,026548819468852;2592326,67172735;78,6497015668029;6,71;1,10040e+12;1,16754232340899e-03
2000-06-01;1,7992;-0,014568956074049844;0,017244303725900467;0,898614951894250;309035,654977803;1614,62;17,50;54696730000;2,30304610437559e-03;1,060163262634106;2670674,54766315;79,0624405254625;6,73;1,10180e+12;5,24781341107872e-03
2000-07-01;1,7740;-0,014006224988883931;-0,008051889957503944;0,887865721594379;308895,799999831;1640,62;16,50;57077894000;1,61028601156930e-02;1,013622993514536;2578059,99999969;79,2458800626446;6,67;1,10280e+12;2,32018561484981e-03
2000-08-01;1,8226;0,027395715896279649;-0,048300349851182700;0,934675386044999;321303,886025268;1662,11;16,50;56626345000;1,30987065865344e-02;1,013473851134753;2645413,09911688;79,2458800626446;6,61;1,09450e+12;0,00000000000000e+00
2000-09-01;1,8429;0,011137934818391315;-0,040905542544886764;0,895605419916506;306466,716038799;1665,93;16,50;59451342000;2,29828350710859e-03;1,028375690753877;2668400,43095130;79,6586190213042;6,60;1,08880e+12;5,20833333333326e-03
2000-10-01;1,9082;0,035433284497259798;-0,022538674316156193;0,949970726013552;320480,799999896;1668,26;16,50;60166406000;1,39861818923959e-03;1,035185263610522;2655679,00000021;79,7961986741907;6,67;1,09220e+12;1,72711571675266e-03
2000-11-01;1,9588;0,026517136568493971;0,019199750247151259;0,924453805603732;317749,348781627;1673,60;16,50;63052800000;3,20093990145409e-03;1,045982172834554;2628718,71925282;79,8420585584863;6,65;1,09210e+12;5,74712643679254e-04
2000-12-01;1,9546;-0,002144169899938819;0,093054468180292949;0,947510337382393;303760,273489038;1683,47;15,75;74352468000;5,89746653919709e-03;1,037618278199993;2596298,63622849;79,7961986741907;6,45;1,11170e+12;-5,74382538771845e-04
2001-01-01;1,9703;0,008032333981377260;0,093638987566607268;0,917088532813144;312469,799999808;1693,07;15,25;66549099000;5,70250732118782e-03;1,017397239950952;2562435,99999919;80,3006574014414;5,62;1,10040e+12;6,32183908046047e-03
2001-02-01;2,0444;0,037608486017357778;0,156531085591446573;0,923863465264378;307047,454536863;1700,86;15,25;68309887000;4,60110922761614e-03;1,018894719233515;2619242,65959806;80,6216765915100;5,26;1,08980e+12;3,99771559109108e-03
2001-03-01;2,1608;0,056936020348268501;0,237217291726309787;0,901018978646291;338283,757640518;1707,32;15,75;66032790000;3,79807861905146e-03;1,037663232527483;2679386,64124625;80,8051161286920;4,89;1,11120e+12;2,27531285551708e-03
2001-04-01;2,1839;0,010690485005553363;0,209313915499196979;0,901529586049488;323723,600000351;1717,22;16,25;65811791000;5,79856148818036e-03;1,015528327628390;2656364,00000034;81,1261353187606;4,53;1,12670e+12;3,97275822928500e-03
2001-05-01;2,3592;0,080269243097211396;0,292145908642786667;0,916073435084881;341969,977467920;1724,26;16,75;65461974000;4,09964943338648e-03;1,013581019870290;2692750,19102070;81,4930143931247;4,02;1,11470e+12;4,52232899943472e-03
2001-06-01;2,3041;-0,023355374703289189;0,280624722098710588;0,893237128891962;325513,343503854;1733,23;18,25;66395565000;5,20223168199685e-03;1,029982237011849;2747511,69635971;81,6305940460112;3,74;1,12630e+12;1,68823860438905e-03
2001-07-01;2,4305;0,054858730089839769;0,370067643742953756;0,911584900209642;332524,399999704;1756,28;19,00;67328517000;1,32988697403114e-02;0,986821201071772;2651331,00000017;81,4012946245336;3,66;1,13970e+12;-2,80898876404534e-03
2001-08-01;2,5509;0,049537132277309270;0,399593986612531538;0,919552045480489;344914,155461091;1768,57;19,00;67571709000;6,99774523424512e-03;0,993546548015675;2723397,12025653;81,4012946245336;3,48;1,14450e+12;0,00000000000000e+00
2001-09-01;2,6705;0,046885412991493292;0,449074827717184988;0,885783242477724;331457,014179778;1773,52;19,00;68485780000;2,79887140458124e-03;0,993331087360106;2726832,70274262;81,7681736988978;2,87;1,19360e+12;4,50704225352228e-03
2001-10-01;2,7063;0,013405729264182709;0,418247563148517187;0,914542315495540;347037,599999957;1788,24;19,00;67524432000;8,29987820830902e-03;1,000497480594786;2711685,00000023;81,4930143931247;2,31;1,15920e+12;-3,36511497476200e-03
2001-11-01;2,5279;-0,065920260133762065;0,290535021441698849;0,908228767439746;346587,875757254;1800,94;19,00;70243399000;7,10195499485522e-03;1,004184825428487;2674346,14948107;81,3554347402381;2,03;1,16900e+12;-1,68823860439027e-03
2001-12-01;2,3196;-0,082400411408679153;0,186738974726286644;0,892086834570212;321386,634544477;1812,65;19,00;85319761000;6,50215998311987e-03;0,994368842081038;2642080,02241208;81,0344155501696;1,83;1,20850e+12;-3,94588500563597e-03
2002-01-01;2,4175;0,042205552681496838;0,226970512104755606;0,936718448292569;342296,699999845;1822,08;19,00;76291521000;5,20232808319299e-03;0,983917822954196;2631118,99999845;81,2178550873516;1,74;1,19180e+12;2,26372382569262e-03
2002-02-01;2,3474;-0,028996897621509810;0,148209743690080220;0,881885714733455;335853,098418813;1828,64;18,75;75679717000;3,60028099754128e-03;0,980852382884010;2672308,90314855;81,5388742774202;1,82;1,17830e+12;3,95256916996090e-03
2002-03-01;2,3228;-0,010479679645565287;0,074972232506478997;0,904842817577567;359163,928908837;1839,61;18,50;74996003000;5,99899378773294e-03;0,990363260414087;2719017,02858517;81,9974731203753;1,91;1,19680e+12;5,62429696287947e-03
2002-04-01;2,3617;0,016747029447218953;0,081413984156783803;0,956661491107843;367362,800000289;1854,33;18,50;76628516000;8,00169601165468e-03;0,976387997328138;2721841,99999981;82,4560719633304;1,87;1,19690e+12;5,59284116331060e-03
2002-05-01;2,5212;0,067536096879366569;0,068667344862665347;0,917012357952731;370282,203996278;1858,22;18,50;75674168000;2,09779273376376e-03;0,974875968158410;2756928,81317545;82,4560719633304;1,82;1,18600e+12;0,00000000000000e+00
2002-06-01;2,8436;0,127875614786609582;0,234147823445162828;0,896808047059156;361829,010631725;1866,02;18,50;81748036000;4,19756541206096e-03;1,005465238265004;2850717,12514406;82,5019318476259;1,81;1,19470e+12;5,56173526139903e-04
2002-07-01;3,4277;0,205408636939091505;0,410285949393129235;0,937484391338826;379794,499999907;1888,23;18,00;85044651000;1,19023375955243e-02;0,966802267807093;2751462,99999994;82,5936516162170;1,79;1,20040e+12;1,11172873818877e-03
2002-08-01;3,0215;-0,118505120051346391;0,184483907640440759;0,918952594255378;381158,648909063;1900,50;18,00;87907547000;6,49814906023094e-03;0,981026912022180;2838008,04865093;82,8688109219900;1,73;1,18230e+12;3,33148250971593e-03
2002-09-01;3,8941;0,288796955154724477;0,458191349934469194;0,946950781244155;377721,242183898;1914,18;18,00;90734433000;7,19810576164170e-03;0,974346570455680;2845878,55666703;83,0063905748766;1,76;1,18580e+12;1,66021029330454e-03
2002-10-01;3,6442;-0,064174006830846619;0,346561726342238474;0,964611052047654;399333,200000092;1939,26;21,00;91473169000;1,31022160925305e-02;0,983611721763597;2824685,99999977;83,1439702277631;1,73;1,19660e+12;1,65745856353539e-03
2002-11-01;3,6357;-0,002332473519565337;0,438229360338621143;0,985308106452169;398482,410886575;1997,83;22,00;94597962000;3,02022420923445e-02;0,992413458833287;2794123,27956445;83,1439702277631;1,39;1,20530e+12;0,00000000000000e+00
2002-12-01;3,5325;-0,028385180295403822;0,522891877909984704;0,978427954981260;385215,588042792;2039,78;25,00;110334243000;2,09977825941146e-02;0,978284425696454;2746975,25114470;82,9605306905811;1,34;1,24550e+12;-2,20628792057320e-03
2003-01-01;3,5250;-0,002123142250530896;0,458117890382626625;0,975941641354049;397241,600000448;2085,68;25,50;94977783000;2,25024267322946e-02;0,973008319851351;2743733,99999991;83,3274097649451;1,29;1,22550e+12;4,42233278054061e-03
2003-02-01;3,5624;0,010609929078014169;0,517593933713896170;0,992890300537462;396029,523304221;2118,43;26,50;93602937000;1,57023129147329e-02;0,970196073645411;2799284,26981174;83,9694481450823;1,27;1,22550e+12;7,70500825536624e-03
2003-03-01;3,3523;-0,058977094093869198;0,443215085241949414;0,945455802852579;416560,285770762;2144,49;26,50;89822584000;1,23015629499204e-02;0,978958098434382;2853291,04998078;84,4739068723329;1,23;1,24510e+12;6,00764609502979e-03
2003-04-01;2,8890;-0,138203621394266674;0,223271372316551586;0,997626799663884;418987,300000334;2165,29;26,50;87410599000;9,69927581849306e-03;0,966528595114558;2831412,99999941;84,2904673351509;1,24;1,25960e+12;-2,17155266015157e-03
2003-05-01;2,9648;0,026237452405676764;0,175947961288275501;0,971439333499676;429914,486996318;2178,50;26,50;86231763000;6,10079943102315e-03;0,964590974959557;2879737,84603718;84,1528876822644;1,22;1,26660e+12;-1,63220892274152e-03
2003-06-01;2,8712;-0,031570426335671864;0,009706006470671102;0,999411697551669;422615,315250537;2175,23;26,00;88466315000;-1,50103282074820e-03;1,001017468375409;2970891,81483491;84,2446074508554;1,04;1,28470e+12;1,08991825613036e-03
2003-07-01;2,9647;0,032564781276121613;-0,135075998482947712;1,018664996152152;439349,799999702;2179,58;24,50;87050128000;1,99978852810956e-03;0,971228202301066;2886905,00000109;84,3363272194464;1,05;1,28790e+12;1,08873162765355e-03
2003-08-01;2,9657;0,000337302256552041;-0,018467648518947555;0,992065348375815;438673,618477949;2186,99;22,00;87318737000;3,39973756411771e-03;0,980111673452298;2977737,21566006;84,6573464095150;1,08;1,29220e+12;3,80641653072344e-03
2003-09-01;2,9226;-0,014532825302626673;-0,249479982537685219;1,054149272120216;450417,105626813;2204,05;20,00;88450654000;7,80067581470445e-03;0,990604632706971;3004907,64797614;84,9325057152881;1,08;1,28620e+12;3,25027085590501e-03
2003-10-01;2,8554;-0,022993225210429125;-0,216453542615663297;1,044371939598332;462371,600000150;2210,44;19,00;88533279000;2,89920827567425e-03;1,005553205598598;2994399,00000040;84,8407859466971;1,10;1,28880e+12;-1,07991360691118e-03
2003-11-01;2,9486;0,032639910345310552;-0,188986990125697973;1,030125301197370;453754,220928029;2217,96;17,50;95230124000;3,40203760337299e-03;1,023507727826248;2986015,61559803;84,6114865252195;1,11;1,29390e+12;-2,70270270270312e-03
2003-12-01;2,8884;-0,020416468832666346;-0,182335456475583912;1,063334371972589;440307,548087841;2229,49;16,50;112765870000;5,19847066673873e-03;1,014218727839376;2946693,94649926;84,5197667566285;1,10;1,33250e+12;-1,08401084010823e-03
2004-01-01;2,9401;0,017899182938651226;-0,165929078014184328;1,003905942249790;444783,499999938;2246,43;16,50;101206857000;7,59815024960875e-03;0,998094171267201;2924602,00000045;84,9325057152881;1,06;1,30180e+12;4,88334237655996e-03
2004-02-01;2,9130;-0,009217373558722652;-0,182292836290141480;1,025202630107277;443515,836226061;2260,13;16,50;102857652000;6,09856527913188e-03;1,005873644645543;2999248,54509540;85,3911045582432;1,05;1,30670e+12;5,39956803455688e-03
2004-03-01;2,9078;-0,001785101270168177;-0,132595531426185076;1,047561919701919;489227,822357862;2270,75;16,25;101282219000;4,69884475671756e-03;1,016222540600842;3041283,78670935;85,9414231697893;1,05;1,33790e+12;6,44468313641200e-03
2004-04-01;2,9439;0,012414884104821500;0,019003115264797588;1,030333494532825;481794,999999738;2279,15;16,00;101821601000;3,69921831993847e-03;1,000958049409195;3032385,99999979;86,2165824755624;1,08;1,34320e+12;3,20170757737492e-03
2004-05-01;3,1283;0,062637997214579189;0,055147058823529438;1,047253128053651;494279,901975150;2290,77;16,00;103074482000;5,09839194436523e-03;1,004978165159257;3081363,54158126;86,7210412028130;1,20;1,33340e+12;5,85106382978684e-03
2004-06-01;3,1067;-0,006904708627689105;0,082021454444134889;1,061658653469069;493540,548419756;2307,03;16,00;104182650000;7,09805000065500e-03;1,024428484414950;3139365,19234718;86,9962005085861;1,46;1,34770e+12;3,17292437863603e-03
2004-07-01;3,0260;-0,025976116136093075;0,020676628326643298;1,051123308674734;505252,299999950;2328,02;16,00;104856804000;9,09827787241602e-03;0,999383886117943;3069687,99999940;86,8586208556996;1,57;1,33880e+12;-1,58144438587204e-03
2004-08-01;2,9330;-0,030733641771315212;-0,011026064672758573;1,069093297222833;514543,329299833;2344,08;16,00;107417168000;6,89856616352080e-03;1,009723832179069;3162515,24180899;86,9044807399951;1,68;1,35260e+12;5,27983104540386e-04
2004-09-01;2,8578;-0,025639277190589782;-0,022172038595770882;1,083944013567980;518627,335737847;2351,82;16,25;111720476000;3,30193508753984e-03;1,015743954388793;3171032,37393007;87,0879202771771;1,86;1,34910e+12;2,11081794195200e-03
2004-10-01;2,8557;-0,000734830988872504;0,000105064089094498;1,063847342013303;525920,400000100;2362,17;16,75;111602434000;4,40084700359722e-03;1,042524641153145;3190521,00000003;87,5465191201322;2,04;1,35140e+12;5,26592943654536e-03
2004-11-01;2,7299;-0,044052246384424065;-0,074170792918673123;1,059236611319138;525203,760988378;2378,47;17,25;115140420000;6,90043476972435e-03;1,048157514533804;3151404,56566976;87,5923790044278;2,26;1,37100e+12;5,23834468308948e-04
2004-12-01;2,6536;-0,027949741748782064;-0,081290679961224188;1,052071374401279;506966,124981122;2398,92;17,75;129659697000;8,59796423751424e-03;1,039858272921527;3120617,77268023;87,2713598143592;2,45;1,40150e+12;-3,66492146596875e-03
2005-01-01;2,6240;-0,011154657823334246;-0,107513349886058318;1,008110308926012;499710,400000164;2412,83;18,25;120494681000;5,79844263251794e-03;1,034126923336909;3111328,99999935;87,4547993515412;2,61;1,36150e+12;2,10194429847554e-03
2005-02-01;2,5942;-0,011356707317073278;-0,109440439409543400;0,989413730457486;492657,913960504;2427,07;18,75;119527456000;5,90178338299840e-03;1,038724766173318;3174813,14144859;87,9592580787919;2,77;1,35500e+12;5,76822233875274e-03
2005-03-01;2,6654;0,027445840721609827;-0,083361991883898479;1,015800634059981;533212,034371067;2441,87;19,25;118560874000;6,09788757637797e-03;1,039765334964725;3206168,53042326;88,6471563432245;2,97;1,38170e+12;7,82064650677694e-03
2005-04-01;2,5305;-0,050611540481728778;-0,140425965555895260;1,030368354208054;535557,399999824;2463,11;19,50;115498041000;8,69825174968364e-03;1,038268217101240;3232050,99999975;89,2433348390662;3,09;1,36940e+12;6,72529746508066e-03
2005-05-01;2,4030;-0,050385299347954882;-0,231851165169580931;1,025144039758843;549835,475018945;2475,18;19,75;117556869000;4,90030895899896e-03;1,028613665760517;3278812,37525747;89,1516150704752;3,22;1,36950e+12;-1,02774922918769e-03
2005-06-01;2,3496;-0,022222222222222143;-0,243699101940966223;1,046900619107345;553235,009291017;2474,68;19,75;118793487000;-2,02005510710368e-04;1,060608321286568;3375970,71537087;89,1974749547707;3,38;1,38430e+12;5,14403292180887e-04
2005-07-01;2,3897;0,017066734763363955;-0,210277594183740923;1,013727419695125;552859,199999875;2480,87;19,75;118562751000;2,50133350574622e-03;1,031265323429947;3306451,00000053;89,6102139134303;3,57;1,36540e+12;4,62724935732650e-03
2005-08-01;2,3629;-0,011214796836423013;-0,194374360722809447;1,055690997610681;575055,124052534;2485,09;19,75;118761803000;1,70101617577711e-03;1,036060091941902;3388887,96949263;90,0688127563854;3,77;1,37690e+12;5,11770726714400e-03
2005-09-01;2,2214;-0,059884040797325233;-0,222688781580236528;1,020152001120273;570974,344112888;2493,79;19,50;123969884000;3,50087924381004e-03;1,032378228558010;3375889,26240880;91,1694499794777;3,87;1,36350e+12;1,22199592668026e-02
2005-10-01;2,2535;0,014450346628252397;-0,210876492628777612;1,028005214340855;582457,600000166;2512,49;19,00;121587677000;7,49862658844558e-03;1,056289615868415;3389366,99999979;91,3528895166597;4,13;1,36540e+12;2,01207243460710e-03
2005-11-01;2,2062;-0,020989571777235372;-0,191838528883842008;1,039276287378253;580018,121385605;2526,31;18,50;128417217000;5,50051940505236e-03;1,067878755484645;3372114,43940039;90,6191313679315;4,31;1,37360e+12;-8,03212851405632e-03
2005-12-01;2,3399;0,060601939987308562;-0,118216762134458753;1,036804786351399;562846,472740622;2535,40;18,00;146745131000;3,59813324572200e-03;1,055478252498281;3341090,02225203;90,2522522935675;4,45;1,39720e+12;-4,04858299595046e-03
2006-01-01;2,2152;-0,053292875763921610;-0,155792682926829351;1,006417567539632;554270,500000009;2550,36;17,25;131864737000;5,90044963319403e-03;1,048440404748530;3333266,00000097;90,9401505580001;4,56;1,37550e+12;7,62195121951126e-03
2006-02-01;2,1347;-0,036339833875045024;-0,177125896230051594;0,999804305518596;552169,489888910;2560,82;17,25;133094132000;4,10138176571162e-03;1,047849711853595;3390866,61121464;91,1235900951822;4,72;1,36200e+12;2,01714573878009e-03
2006-03-01;2,1716;0,017285801283552837;-0,185262999924964311;0,979642197559165;595089,910866552;2571,83;16,50;130778017000;4,29940409712515e-03;1,067005558227729;3456337,92945719;91,6280488224328;4,88;1,39470e+12;5,53598389531929e-03
2006-04-01;2,0884;-0,038312764781727848;-0,174708555621418626;0,981972814284165;581976,899999714;2577,23;15,75;129541055000;2,09967221783725e-03;1,055968417727712;3460989,99999963;92,4076668554565;5,03;1,39360e+12;8,50850850850837e-03
2006-05-01;2,2997;0,101177935261444141;-0,042987931751976682;1,003228612833911;614713,581310858;2579,81;15,75;132963024000;1,00107479735989e-03;1,042348764749297;3491614,68313166;92,8662656984116;5,15;1,39210e+12;4,96277915632737e-03
2006-06-01;2,1635;-0,059225116319519988;-0,079204971058903673;0,998459458452312;606552,988411450;2574,39;15,25;134245964000;-2,10092991344324e-03;1,066098282967012;3559705,45047007;93,0497052355937;5,35;1,37900e+12;1,97530864197604e-03
2006-07-01;2,1754;0,005500346660503697;-0,089676528434531555;0,990837190040963;617847,700000131;2579,28;14,75;135771480000;1,89947909990340e-03;1,027631647704940;3463694,00000042;93,3248645413668;5,46;1,36860e+12;2,95712173484497e-03
2006-08-01;2,1380;-0,017192240507492795;-0,095179652122391878;1,014564238763516;641400,629157028;2580,57;14,25;138653095000;5,00139573834435e-04;1,030344434889146;3555895,57574298;93,5083040785488;5,38;1,37060e+12;1,96560196560158e-03
2006-09-01;2,1734;0,016557530402245169;-0,021607994958134480;1,003647470541824;634071,383644130;2585,99;14,25;145599225000;2,10031117156273e-03;1,035871622591291;3572897,59365163;93,0497052355937;5,34;1,34740e+12;-4,90436488474721e-03
2006-10-01;2,1422;-0,014355387871537784;-0,049389838029731514;1,030258705546570;655354,900000134;2594,52;13,75;147551340000;3,29854330449852e-03;1,039726346514206;3557632,99999959;92,5452465083431;5,33;1,36030e+12;-5,42138984721507e-03
2006-11-01;2,1660;0,011110073755951744;-0,018221376121838495;1,029112439805177;653267,960690145;2602,56;13,25;154440846000;3,09883909162378e-03;1,049767750465944;3526318,32332083;92,4076668554565;5,32;1,36850e+12;-1,48662041625447e-03
2006-12-01;2,1372;-0,013296398891966765;-0,086627633659558168;1,026094406487076;628490,665126064;2615,05;13,25;176889613000;4,79912086560930e-03;1,048846080725822;3522141,64767537;92,5452465083431;5,32;1,38770e+12;1,48883374689901e-03
2007-01-01;2,1239;-0,006223095639154130;-0,041215240158902100;1,028982257812834;631422,999999942;2626,56;13,00;158186929000;4,40144547905374e-03;1,026660885475535;3482006,00000028;92,8277433956034;5,32;1,36900e+12;3,05252725470706e-03
2007-02-01;2,1174;-0,003060407740477444;-0,008104183257600650;1,033036814193970;628421,968567704;2638,12;13,00;156332282000;4,40119395711491e-03;1,026787142152381;3533242,64683669;93,3244059425238;5,31;1,34750e+12;5,35036755987672e-03
2007-03-01;2,0496;-0,032020402380277702;-0,056179775280899014;1,029156501470627;678730,889859939;2647,88;12,75;158398773000;3,69960426364235e-03;1,045765047094647;3603602,27666693;94,1741895985196;5,30;1,37840e+12;9,10569585108489e-03
2007-04-01;2,0331;-0,008050351288056090;-0,026479601608887182;1,016497859730948;670654,699999936;2654,50;12,50;159310973000;2,50011329818567e-03;1,032170301744739;3613882,00000080;94,7859604550218;5,31;1,39230e+12;6,49616268650965e-03
2007-05-01;1,9281;-0,051645270768776896;-0,161586293864417141;1,024880065793742;696491,166461183;2661,93;12,50;160825317000;2,79902053117342e-03;1,028097201647050;3645033,10369309;95,3651707936741;5,31;1,38560e+12;6,11071867470447e-03
2007-06-01;1,9254;-0,001400342305896918;-0,110053154610584736;1,004847181428617;685377,870090443;2669,38;12,00;167144535000;2,79872122858227e-03;1,044052700643539;3718930,18081070;95,5499861273850;5,33;1,37080e+12;1,93797517660577e-03
2007-07-01;1,8768;-0,025241508258024292;-0,137262112714902962;1,011645261221647;691845,900000037;2675,79;11,50;169869344000;2,40130667046268e-03;1,011948087380308;3637993,00000055;95,5256803887084;5,32;1,36860e+12;-2,54377207801970e-04
2007-08-01;1,9612;0,044970161977834655;-0,082694106641721166;1,006055193085994;710745,700903897;2688,37;11,50;173480653000;4,70141528296319e-03;1,014234776746261;3719913,13536715;95,3504956306995;5,49;1,37280e+12;-1,83390222708746e-03
2007-09-01;1,8381;-0,062767693249031198;-0,154274408760467385;0,998166827514919;694446,563782295;2693,21;11,25;178379774000;1,80034742241597e-03;1,021965821685632;3749110,92831616;95,6132727677128;5,46;1,35630e+12;2,75590740535914e-03
2007-10-01;1,7432;-0,051629399923834418;-0,186257118849780468;1,029597173829977;726339,300000034;2701,29;11,25;181580850000;3,00013738252858e-03;1,032059838797354;3740349,99999999;95,8178078516708;5,08;1,36940e+12;2,13919132812146e-03
2007-11-01;1,7829;0,022774208352455139;-0,176869806094182791;1,031382833351103;718671,742941284;2711,55;11,25;191309446000;3,79818531146237e-03;1,041075265232106;3720649,50074647;96,3869290157781;4,97;1,37050e+12;5,93961787341568e-03
2007-12-01;1,7705;-0,006954961018565187;-0,171579636908104072;1,029665797140408;696019,914672851;2731,62;11,25;235075119000;7,40167063118879e-03;1,032612997308350;3689535,21837618;96,3222665789214;5,02;1,39490e+12;-6,70863129648036e-04
2008-01-01;1,7595;-0,006212934199378628;-0,171571166250765073;1,056674462830387;712055,199999974;2746,37;11,25;193738675000;5,39972616981865e-03;1,018362388709211;3657486,99999948;96,8010437709666;3,84;1,37590e+12;4,97057647260535e-03
2008-02-01;1,6825;-0,043762432509235505;-0,205393407008595430;1,060994900563187;716142,206735539;2759,83;11,25;187697652000;4,90101479407357e-03;1,012049268764609;3679921,99451173;97,0821648616980;3,06;1,36590e+12;2,90411218495268e-03
2008-03-01;1,7483;0,039108469539375745;-0,147004293520686891;1,027905981494637;750075,361552686;2773,08;11,25;187702397000;4,80102035270291e-03;1,010463024310964;3717458,96586287;97,9236937385207;2,79;1,40110e+12;8,66821293099029e-03
2008-04-01;1,6864;-0,035405822799290831;-0,170527765481284788;1,077934701572037;769525,200000186;2788,33;11,75;190959053000;5,49930041686508e-03;0,996526420405939;3715835,00000026;98,5175792401476;2,85;1,40660e+12;6,06477838971964e-03
2008-05-01;1,6286;-0,034274193548387011;-0,155334266894870510;1,041152509974115;783581,101631171;2810,36;11,75;187522192000;7,90078649227333e-03;0,979019282024030;3722441,48186117;99,3471845470534;2,66;1,39650e+12;8,42088603175628e-03
2008-06-01;1,5911;-0,023025911826108358;-0,173626259478549927;1,066898220924468;791909,204890479;2831,16;12,25;190551872000;7,40118703653625e-03;0,992605654974208;3779921,93023599;100,3483058212240;2,76;1,40730e+12;1,00769969348899e-02
2008-07-01;1,5658;-0,015900949028973543;-0,165707587382779131;1,069996738533700;812602,599999830;2846,16;13,00;189986585000;5,29818166405294e-03;0,969364238141794;3698181,99999967;100,8752358917800;2,79;1,41770e+12;5,25101112812743e-03
2008-08-01;1,6336;0,043300549240004926;-0,167040587395472229;1,037539849716999;808586,389183671;2854,13;13,00;190995678000;2,80026421564505e-03;0,969936445503995;3750545,27005294;100,4725861076650;2,79;1,40130e+12;-3,99156225564579e-03
2008-09-01;1,9135;0,171339373163565067;0,041020619117567048;1,057651246296254;811509,651832403;2861,55;13,75;199382244000;2,59974142733510e-03;0,955337298467434;3708031,55291650;100,3336306582500;3,59;1,44150e+12;-1,38301854066036e-03
2008-10-01;2,1145;0,105043114711262042;0,212999082147774077;1,035395597178370;815620,100000334;2874,43;13,75;193650031000;4,50105711939330e-03;0,964972297380650;3698359,99999980;99,3201272153190;4,32;1,46260e+12;-1,01013332845806e-02
2008-11-01;2,3323;0,103003074012768980;0,308149643838689924;1,016551254080009;789568,479117154;2884,78;13,75;201858589000;3,60071388066507e-03;0,965172826182976;3647389,99154491;97,4178592147412;2,36;1,51370e+12;-1,91528953285957e-02
2008-12-01;2,3362;0,001672169103460019;0,319514261508048403;0,999139864871960;748157,449737426;2892,86;13,75;227166817000;2,80090682825040e-03;0,943544823612057;3582498,75756446;96,4103175567688;1,77;1,63230e+12;-1,03424738142874e-02
2009-01-01;2,3154;-0,008903347316154386;0,315942028985507051;0,995227324604630;756127,099999838;2906,74;12,75;199815307000;4,79801995257279e-03;0,926143193869368;3522116,99999997;96,8299354980727;1,02;1,58070e+12;4,35241737542058e-03
2009-02-01;2,3776;0,026863608879675427;0,413135215453194649;1,003913174332240;758403,775836155;2922,73;12,75;198079554000;5,50100800209186e-03;0,921806477769217;3567974,79561510;97,3114642831756;1,16;1,55200e+12;4,97293303590474e-03
2009-03-01;2,2367;-0,059261440107671648;0,279357089744322939;0,977075706277219;803978,883901361;2928,57;11,25;196166112000;1,99813188354736e-03;0,920006407185260;3597596,41827686;97,5481012861404;1,07;1,59490e+12;2,43174845541505e-03
2009-04-01;2,1775;-0,026467563821701456;0,291212049335863643;0,994168853744683;803577,499999934;2942,63;10,25;198350552000;4,80097795169665e-03;0,913029303942293;3598009,99999999;97,7916172717496;0,89;1,62770e+12;2,49636827778832e-03
2009-05-01;2,0136;-0,075269804822043818;0,236399361414711962;0,981957481816182;825736,989885489;2956,46;10,25;199654739000;4,69987732062815e-03;0,907176396724025;3608961,48266209;98,0741141590100;0,57;1,61790e+12;2,88876383417791e-03
2009-06-01;1,9479;-0,032628128724672134;0,224247376029162115;1,003864959856360;832262,161943450;2967,10;9,25;206491951000;3,59889868288432e-03;0,916801182090773;3647794,55172599;98,9165602335185;0,39;1,66170e+12;8,58989226395268e-03
2009-07-01;1,8803;-0,034704040248472623;0,200855792566100311;1,017104259484371;852843,200000071;2974,22;8,75;202506493000;2,39964948940030e-03;0,903902342323483;3623204,00000011;98,7597194292279;0,35;1,65760e+12;-1,58558692215272e-03
2009-08-01;1,8732;-0,003775993192575711;0,146669931439765033;1,020028089464292;873185,351960069;2978,68;8,75;206840405000;1,49955282393366e-03;0,909631578644838;3701241,60312921;98,9812226703752;0,30;1,65130e+12;2,24285004481040e-03
2009-09-01;1,7920;-0,043348281016442392;-0,063496211131434555;1,062421145381255;887471,818951377;2985,83;8,75;214465555000;2,40039211999954e-03;0,914055749519422;3720368,91948229;99,0431335141741;0,25;1,64100e+12;6,25480693495550e-04
2009-10-01;1,7105;-0,045479910714285809;-0,191061716717900287;1,061182356597635;920491,499999878;2994,19;8,75;214528687000;2,79989148745918e-03;0,927978932429979;3734738,00000003;99,1385220735088;0,24;1,66430e+12;9,63101185818660e-04
2009-11-01;1,7435;0,019292604501607746;-0,252454658491617745;1,068907904731709;911676,921677034;3006,47;8,75;225273361000;4,10127613812072e-03;0,926966944863368;3695789,05661781;99,2086876964809;0,21;1,68310e+12;7,07753368766939e-04
2009-12-01;1,7404;-0,001778032692859255;-0,255029535142539121;1,074561139790259;892021,135835818;3017,59;8,75;254714119000;3,69868982560950e-03;0,916834092208239;3635355,34086868;99,0339615373150;0,22;1,72440e+12;-1,76119816946330e-03
2010-01-01;1,8552;0,065961847851068622;-0,198756154444156508;1,035994443679967;886397,399999992;3040,22;8,75;231954830000;7,49936207370760e-03;0,906016303418974;3602418,00000021;99,3724074834159;0,20;1,67420e+12;3,41747357014888e-03
2010-02-01;1,8356;-0,010564898663216971;-0,227960969044414652;1,035067473883423;891741,492778804;3063,93;8,75;229539682000;7,79877772003346e-03;0,904119290078228;3644017,90531558;99,3971718209355;0,19;1,68520e+12;2,49207382076788e-04
2010-03-01;1,7944;-0,022444977119198017;-0,197746680377341555;1,046650730756666;950641,391186330;3079,86;8,75;234321660000;5,19920494267168e-03;0,918445199077189;3725905,15924388;99,8053247911655;0,23;1,72950e+12;4,10628353657083e-03
2010-04-01;1,7298;-0,036000891662951395;-0,205602755453501818;1,024032873278919;944144,999999972;3097,42;9,50;233688103000;5,70155786301973e-03;0,919912838498581;3755369,99999968;99,9786751538026;0,30;1,71600e+12;1,73688491069801e-03
2010-05-01;1,8320;0,059081974794773950;-0,090186730234405932;1,034013952780614;969446,287862862;3110,74;9,50;236231009000;4,30035319717681e-03;0,922966557874507;3798122,31138881;100,0561783582620;0,45;1,70820e+12;7,75197354237589e-04
2010-06-01;1,8068;-0,013755458515283925;-0,072436983418039946;1,026900943139724;974812,571442895;3110,74;10,25;240063569000;0,00000000000000e+00;0,936922599355311;3848598,05290747;99,9584968047126;0,52;1,73230e+12;-9,76267084673688e-04
2010-07-01;1,7635;-0,023965021031658096;-0,062117747168005111;1,034520399052770;997934,700000166;3111,05;10,75;241185103000;9,96547445304419e-05;0,917787229043683;3793867,00000031;99,9795923514885;0,41;1,71840e+12;2,11043057371407e-04
2010-08-01;1,7583;-0,002948681599092784;-0,061338885329916715;1,063936392088819;1020567,532278645;3112,29;10,75;248096060000;3,98579257806730e-04;0,923008511403936;3869283,14359932;100,1176306032180;0,32;1,73960e+12;1,38066427840799e-03
2010-09-01;1,7045;-0,030597736449980095;-0,048828125000000111;1,074662912204203;1032238,075894952;3126,29;10,75;254630048000;4,49829546732472e-03;0,930946330993315;3881913,82121530;100,1758726562730;0,28;1,74140e+12;5,81736230712560e-04
2010-10-01;1,7018;-0,001584042241126404;-0,005086232095878329;1,106533421702483;1057369,800000043;3149,74;10,75;255602306000;7,50090362698264e-03;0,941679656084572;3897314,99999988;100,3006115415570;0,27;1,76740e+12;1,24519888847896e-03
2010-11-01;1,7263;0,014396521330356071;-0,009865213650702698;1,136679455724483;1055958,517482927;3175,88;10,75;265053833000;8,29909770330262e-03;0,943570678985300;3842714,47041177;100,3428026351090;0,27;1,82870e+12;4,20646423820781e-04
2010-12-01;1,6858;-0,023460580432138056;-0,031372098368191215;1,157872759856761;1025170,245609954;3195,89;10,75;287739157000;6,30061589228803e-03;0,942254315039530;3801498,51144706;100,5152358000600;0,30;1,87140e+12;1,71844078920191e-03
2011-01-01;1,6774;-0,004982797484873625;-0,095838723587753361;1,124428325292804;1016530,599999856;3222,42;11,25;263311792000;8,30128696544641e-03;0,938056762637267;3764834,99999990;100,9940129921050;0,29;1,85560e+12;4,76323005397283e-03
2011-02-01;1,6617;-0,009359723381423657;-0,094737415558945326;1,136709305578933;1043683,792460132;3248,20;11,25;260344752000;8,00019860849921e-03;0,938172731440698;3811315,83940353;101,4920513355540;0,28;1,85870e+12;4,93136502544878e-03
2011-03-01;1,6352;-0,015947523620388759;-0,088720463664734739;1,112093131497497;1089048,279676587;3273,86;11,75;258418003000;7,89975986700342e-03;0,957257533149038;3890195,52830748;102,4817076386520;0,28;1,90940e+12;9,75107203051784e-03
2011-04-01;1,5845;-0,031005381604696680;-0,083998150075153211;1,113824378511176;1086712,199999943;3299,07;12,00;254881493000;7,70039036489045e-03;0,953889331355364;3893028,00000026;103,1416313736640;0,23;1,91800e+12;6,43942953545307e-03
2011-05-01;1,5950;0,006626696118649411;-0,129366812227074246;1,104344795183917;1115623,449916227;3314,58;12,00;256145571000;4,70132491884079e-03;0,949860273175180;3915464,89087373;103,6268289495110;0,21;1,93420e+12;4,70418752723822e-03
2011-06-01;1,5722;-0,014294670846394908;-0,129842816028337360;1,087595555431631;1102632,562357079;3319,55;12,25;260499957000;1,49943582595702e-03;0,966274375890298;3971790,87648217;103,5158480295150;0,22;1,95410e+12;-1,07096705670751e-03
2011-07-01;1,5651;-0,004515964889963198;-0,112503544088460528;1,076095422158209;1112334,199999684;3324,86;12,50;259274878000;1,59961440556700e-03;0,950705633135925;3927582,99999917;103,6075677981060;0,24;1,99450e+12;8,86045666793400e-04
2011-08-01;1,5904;0,016165101271484295;-0,095489961895012243;1,089632590536786;1142852,020758207;3337,16;12,50;255050276000;3,69940388467471e-03;0,959772105121701;3991340,64496298;103,8932748772670;0,29;2,10190e+12;2,75758890236411e-03
2011-09-01;1,8291;0,150088028169014009;0,073100616016427145;1,081596760856075;1140604,998242293;3354,85;12,00;262523711000;5,30091455009640e-03;0,962460722079698;4005559,10953617;104,0510328792440;0,33;2,09910e+12;1,51846211569873e-03
2011-10-01;1,6957;-0,072932043081296749;-0,003584440004700928;1,077164452999256;1160804,900000038;3369,28;11,50;260305090000;4,30123552468831e-03;0,975855376748379;4014288,00000011;103,8364086207410;0,37;2,12810e+12;-2,06268263335829e-03
2011-11-01;1,8494;0,090641033201627641;0,071308579041881481;1,095266195520137;1161619,564584402;3386,80;11,50;268690702000;5,19992401937497e-03;0,987246355142512;3978392,02882566;103,7488162417370;0,41;2,16440e+12;-8,43561330437836e-04
2011-12-01;1,8588;0,005082729533902874;0,102621900581326475;1,101790654474815;1142321,036683650;3403,73;11,00;292168445000;4,99881894413612e-03;0,997046421178178;3965942,30500727;103,4929180873680;0,49;2,20810e+12;-2,46651637713879e-03
2012-01-01;1,7509;-0,058048203141812027;0,043817813282460927;1,089781824570671;1129474,199999730;3422,79;10,50;266624937000;5,59973910974132e-03;0,992531841434729;3960258,99999989;103,9483067384220;0,40;2,20920e+12;4,40019142826342e-03
2012-02-01;1,7024;-0,027700039979439151;0,024492989107540497;1,095030430766605;1146663,713127044;3438,19;10,50;263700653000;4,49925353293668e-03;0,994867629226703;4003041,57601886;104,4059883836910;0,30;2,19450e+12;4,40297355127406e-03
2012-03-01;1,8334;0,076950187969924810;0,121208414872798320;1,064295500964485;1191025,183466359;3445,41;9,75;265172466000;2,09994212070885e-03;0,999459607599117;4043065,92300589;105,1989057831610;0,29;2,24600e+12;7,59455862393676e-03
2012-04-01;1,8852;0,028253518053888982;0,189775954559798121;1,067552989068899;1183125,699999837;3467,46;9,00;266494252000;6,39981888947916e-03;0,996948609769091;4047164,99999979;105,5167147813290;0,29;2,26860e+12;3,02102950408134e-03
2012-05-01;2,0078;0,065032887757267233;0,258808777429467174;1,062533843609202;1215789,347433552;3479,94;8,50;267179533000;3,59917634233708e-03;0,993209545830747;4072472,49856633;105,3928930937310;0,29;2,24840e+12;-1,17347936632217e-03
2012-06-01;2,0904;0,041139555732642608;0,329601831828011615;1,049720838024118;1207383,154419938;3482,72;8,50;273604994000;7,98864348235728e-04;1,002420231897043;4140641,35268504;105,2383452836550;0,32;2,27100e+12;-1,46639688445183e-03
2012-07-01;2,0313;-0,028272101033295027;0,297872340425531901;1,041726236272307;1230448,799999966;3497,70;8,00;273823647000;4,30123581568420e-03;0,979522309391268;4086345,99999970;105,0668293163900;0,30;2,31460e+12;-1,62978586182350e-03
2012-08-01;2,0513;0,009845911485255820;0,289801307847082468;1,045712801489947;1259692,638499031;3512,04;7,50;275496620000;4,09983703576633e-03;0,978825299330395;4153391,67074711;105,6515428411570;0,26;2,33460e+12;5,56515818142977e-03
2012-09-01;2,0311;-0,009847413835128993;0,110436826854737324;1,025356288958662;1241905,855552062;3532,06;7,50;283624015000;5,70039065614281e-03;0,977695027983103;4164266,42593338;106,1229824517150;0,24;2,35800e+12;4,46221226761256e-03
2012-10-01;2,0323;0,000590812860026713;0,198502093530695367;1,031664224203158;1271711,300000148;3552,90;7,25;281894017000;5,90023952028007e-03;0,988170277858253;4160201,00000026;106,0817085558490;0,23;2,41620e+12;-3,88925140553553e-04
2012-11-01;2,0991;0,032869163017271052;0,135016762193143736;1,029479658912405;1260008,346317454;3574,22;7,25;296879634000;6,00073179656047e-03;1,002870522888486;4128145,54577863;105,5790842239700;0,23;2,41520e+12;-4,73808669488374e-03
2012-12-01;2,0483;-0,024200847982468798;0,101947493006240508;1,031609441840443;1223711,301261082;3602,46;7,25;333485628000;7,90102455920461e-03;1,004504961099667;4102936,39470193;105,2947529413380;0,24;2,50970e+12;-2,69306449020557e-03
2013-01-01;1,9900;-0,028462627544793118;0,136558341424410257;1,045773793459990;1241613,399999948;3633,44;7,25;295955770000;8,59967910816506e-03;0,993795712430638;4065317,99999975;105,6061415557050;0,23;2,48130e+12;2,95730419293050e-03
2013-02-01;1,9807;-0,004673366834170856;0,163475093984962516;1,016972175691476;1242354,554294168;3655,24;7,25;295465665000;5,99982385838205e-03;0,987020039929620;4113689,41430465;106,4710589735180;0,22;2,45570e+12;8,19002952926540e-03
2013-03-01;2,0185;0,019084162164891172;0,100959965092178416;1,009311210075112;1290904,860823112;3672,42;7,25;302533983000;4,70010177170321e-03;0,985641255120240;4159310,47973776;106,7494284711920;0,21;2,49720e+12;2,61450858437740e-03
2013-04-01;2,0001;-0,009115679960366441;0,060948440483768351;1,037745349526230;1322579,699999965;3692,62;7,50;297020509000;5,50046018701567e-03;0,982047255618086;4177428,00000031;106,6384475511970;0,20;2,54230e+12;-1,03963947708585e-03
2013-05-01;2,0894;0,044647767611619260;0,040641498157186984;1,019143244828170;1336090,974492504;3706,28;8,00;302852163000;3,69927043670892e-03;0,983457104174733;4216193,47754073;106,8283074721800;0,20;2,51850e+12;1,78040777358324e-03
2013-06-01;2,2185;0,061788073131042509;0,061280137772675269;1,022858048266440;1329757,931753807;3715,92;8,00;310759832000;2,60099075083375e-03;0,999333064383667;4298637,50453176;107,0846642253920;0,19;2,52350e+12;2,39970808560042e-03
2013-07-01;2,2609;0,019112012621140373;0,113031063850735913;1,029186467334594;1354134,100000014;3717,03;8,50;304941433000;2,98714719369597e-04;0,979105813507611;4249371,00000115;107,1268553189440;0,14;2,54370e+12;3,93997533233881e-04
2013-08-01;2,3578;0,042859038436021235;0,149417442597377326;1,027731987656570;1381977,351944329;3725,95;9,00;308211808000;2,39976540409947e-03;0,985854818065639;4335300,74756268;107,2557215938140;0,12;2,53740e+12;1,20293155704365e-03
2013-09-01;2,2571;-0,042709305284587384;0,111269755305007045;1,032042022141975;1383291,873948851;3738,99;9,00;311800042000;3,49977857995953e-03;0,984054214832551;4344076,69455592;107,3804604790980;0,11;2,55580e+12;1,16300448526552e-03
2013-10-01;2,1804;-0,033981657879579852;0,072873099443979683;1,041154058108486;1413291,800000052;3760,30;9,50;308363436000;5,69940010537606e-03;0,998743704519922;4351080,99999942;107,1039253767960;0,12;2,61840e+12;-2,57528325980527e-03
2013-11-01;2,3040;0,056686846450192396;0,097613262826925729;1,042509143159300;1405337,423609518;3780,61;10,00;325398936000;5,40116480068087e-03;1,004400182035166;4303295,96217726;106,8851737287070;0,12;2,60720e+12;-2,04242419051792e-03
2013-12-01;2,3538;0,021614583333333437;0,149148074012595888;1,024033128411739;1364664,675648864;3815,39;10,00;354650948000;9,19957361378176e-03;0,997157484299111;4255571,83793330;106,8760017518480;0,14;2,71570e+12;-8,58114978816715e-05
2014-01-01;2,4224;0,029144362307757632;0,217286432160804122;1,043800399211007;1385982,199999792;3836,37;10,50;323274695000;5,49878256220193e-03;0,978408270827203;4203940,00000005;107,2736069486900;0,12;2,70170e+12;3,72024767323542e-03
2014-02-01;2,3436;-0,032529722589167864;0,183218054223254434;1,035783667162877;1396740,954979151;3862,84;10,75;326389329000;6,89975158808975e-03;0,978940949039737;4272486,56117756;107,6702949478460;0,13;2,70620e+12;3,69790865096697e-03
2014-03-01;2,2603;-0,035543608124253279;0,119791924696556862;1,007604453764039;1417530,456557452;3898,38;10,75;321036411000;9,20048461753531e-03;0,992871823951197;4348729,70279842;108,3636963983940;0,12;2,77330e+12;6,44004412622690e-03
2014-04-01;2,2199;-0,017873733575189177;0,109894505274736209;1,020063058424366;1422322,899999890;3924,50;11,00;320332877000;6,70021906535534e-03;0,989750103774497;4360753,99999977;108,7209448970560;0,12;2,80960e+12;3,29675445315747e-03
2014-05-01;2,2384;0,008333708725618338;0,071312338470374215;1,009437565336754;1443932,749155269;3942,55;11,00;314796451000;4,59931201426933e-03;0,991873104560250;4408648,20587948;109,1006647390230;0,11;2,78220e+12;3,49260984005006e-03
2014-06-01;2,2019;-0,016306290207290797;-0,007482533243182266;1,002847152557381;1427799,521700600;3958,32;11,00;317270689000;3,99994927141067e-03;1,006963709491870;4493468,65690718;109,3038240264520;0,11;2,82480e+12;1,86212694409305e-03
2014-07-01;2,2447;0,019437758299650110;-0,007165288159582506;1,005436181363641;1462125,500000079;3958,72;11,00;313720506000;1,01052971967830e-04;0,993535265698674;4454942,00000005;109,2611743340570;0,13;2,84120e+12;-3,90193964162511e-04
2014-08-01;2,2499;0,002316567915534362;-0,045762999406226301;0,999119336419531;1477872,350870937;3968,62;11,00;317892917000;2,50080834209032e-03;0,996786834556471;4525469,05558134;109,0786519945610;0,13;2,79020e+12;-1,67051416579100e-03
2014-09-01;2,4522;0,089915107338103928;0,086438350095255023;1,021422711759566;1487425,665917924;3991,24;11,00;325937821000;5,69971425835680e-03;0,996474102861791;4529388,46814250;109,1607411874500;0,12;2,83460e+12;7,52568824311295e-04
2014-10-01;2,4119;-0,016434222330968029;0,106173179233168158;1,014936772645770;1508522,500000190;4008,00;11,25;324782470000;4,19919623976517e-03;1,006651232372026;4531052,00000035;108,8864990793630;0,12;2,86500e+12;-2,51227781255225e-03
2014-11-01;2,5237;0,046353497242837438;0,095355902777777724;1,015730294196709;1485139,324462237;4028,44;11,25;338309402000;5,09980039920155e-03;1,006868529302402;4494539,77467376;108,2985753626940;0,13;2,86110e+12;-5,39941794106624e-03
2014-12-01;2,6562;0,052502278400760938;0,128473107315829616;1,015527590521182;1449021,699709990;4059,86;11,75;363361535000;7,79954523339055e-03;0,993938732637552;4439945,85900910;107,6845115119770;0,15;2,99200e+12;-5,67010091001174e-03
2015-01-01;2,5960;-0,022663956027407561;0,071664464993395072;1,001222949688538;1456653,700000125;4110,20;12,25;333454078000;1,23994423453024e-02;0,982676191209302;4389973,00000028;107,1777597905120;0,16;2,94110e+12;-4,70589237346952e-03
2015-02-01;2,8728;0,106625577812018424;0,225806451612903247;0,997310968133997;1452675,070737318;4160,34;12,25;330708611000;1,21989197605956e-02;0,985986053439233;4447794,60122688;107,6432376161110;0,15;2,97960e+12;4,34304492376780e-03
2015-03-01;3,1915;0,110937064884433445;0,411980710525151617;0,977670016225537;1490808,476482219;4215,26;12,75;327928960000;1,32008441617752e-02;0,999815625269777;4528512,32797475;108,2839001997200;0,14;3,02390e+12;5,95172161110380e-03
2015-04-01;2,9375;-0,079586401378662019;0,323257804405603810;0,953404970477767;1479965,099999893;4245,19;13,25;319444733000;7,10039238386240e-03;0,998770106573753;4556248,00000004;108,5040276443380;0,13;3,03540e+12;2,03287325458357e-03
2015-05-01;3,1748;0,080782978723404231;0,418334524660471718;0,951900988525980;1495236,208229110;4276,60;13,25;318441737000;7,39896211948121e-03;0,994035249493248;4587657,11484596;109,0570978489420;0,15;2,97590e+12;5,09723202549583e-03
2015-06-01;3,1390;-0,011276300869346167;0,425586993051455309;0,954007170425983;1496375,151079082;4310,39;13,75;318619292000;7,90113641677959e-03;1,000579344266659;4641431,37151041;109,4391106851240;0,18;3,02070e+12;3,50286999853178e-03
2015-07-01;3,3652;0,072061165976425645;0,499175836414665897;0,949749900338702;1508228,200000109;4337,11;14,25;312043132000;6,19897503474154e-03;0,987241219054646;4605088,00000047;109,4464482666110;0,19;3,03840e+12;6,70471592929545e-05
2015-08-01;3,5790;0,063532628075597231;0,590737366105160477;0,943670906426688;1526186,187715918;4346,65;14,25;310097600000;2,19962140688157e-03;0,986069446956568;4664500,10267725;109,2914418576920;0,26;3,02230e+12;-1,41627628282093e-03
2015-09-01;4,1172;0,150377200335289229;0,678982138487888687;0,948129680756178;1529333,285774943;4370,12;14,25;308941546000;5,39956058113722e-03;0,980714388468550;4640430,34927162;109,1213016869560;0,27;3,01630e+12;-1,55675657530019e-03
2015-10-01;3,9328;-0,044787719809579407;0,630581699075417612;0,950261541988784;1550940,100000251;4405,95;14,25;311859455000;8,19885952788479e-03;0,991323735360566;4654715,00000019;109,0722316107600;0,25;3,01190e+12;-4,49683750444740e-04
2015-11-01;3,7081;-0,057134865744507657;0,469310932361215682;0,942993401102138;1528500,307365519;4450,45;14,25;323866983000;1,00999784382483e-02;0,991839558581373;4594882,89229240;108,8420149915960;0,30;3,05620e+12;-2,11068037908635e-03
2015-12-01;3,9048;0,053046034357217886;0,470070024847526469;0,948247281578041;1496895,819932146;4493,17;14,25;347220589000;9,59902931164280e-03;0,984833585611886;4532135,53359524;108,4700913299600;0,54;3,14110e+12;-3,41709643711319e-03
2016-01-01;4,0838;0,045841016185208083;0,573112480739599306;0,932678847376177;1500319,299999977;4550,23;14,25;321522785000;1,26992746768984e-02;0,978370520433928;4496788,00000003;108,6494034775550;0,57;3,09400e+12;1,65310220906467e-03
2016-02-01;3,9578;-0,030853616729516586;0,377680311890838283;0,928104148301926;1512124,512252743;4591,18;14,25;319261836000;8,99954507794121e-03;0,980160160947280;4560018,28607369;108,7388302519310;0,54;3,09660e+12;8,23076533452705e-04
2016-03-01;3,6110;-0,087624437818990319;0,131442895190349462;0,931121227126340;1548938,613287817;4610,92;14,25;313677641000;4,29954826428069e-03;0,984878184635259;4616640,94457675;109,2070596705880;0,55;3,17980e+12;4,30600014339100e-03
2016-04-01;3,4986;-0,031127111603433955;0,191012765957446762;0,938375128836870;1559070,999999809;4639,05;14,25;316640864000;6,10073477744133e-03;0,987403658404219;4666051,00000004;109,7248177642850;0,55;3,23450e+12;4,74106797911023e-03
2016-05-01;3,5991;0,028725776024695504;0,133646213934736080;0,926080955533538;1567006,478465621;4675,23;14,25;314364643000;7,79901057328525e-03;0,977477633348155;4689359,92276404;110,1687414442650;0,57;3,23480e+12;4,04579099810976e-03
2016-06-01;3,2429;-0,098969186741129644;0,033099713284485688;0,934814068448271;1572431,643956337;4691,59;14,25;315458133000;3,49929308290720e-03;0,985722857868398;4763940,75334037;110,5305759313570;0,55;3,24700e+12;3,28436616728589e-03
2016-07-01;3,2734;0,009405162046316473;-0,027279210745275173;0,917237976202779;1577171,600000063;4715,99;14,25;313978056000;5,20079546592944e-03;0,967870811985259;4720618,00000056;110,3517223826040;0,62;3,24470e+12;-1,61813640475450e-03
2016-08-01;3,2397;-0,010295106005987709;-0,094803017602682393;0,926058065870113;1605994,187705734;4736,74;14,25;313375647000;4,39992451213844e-03;0,968036825705901;4782487,03232374;110,4530727268970;0,73;3,31900e+12;9,18430107883728e-04
2016-09-01;3,2456;0,001821156279902425;-0,211697269989313153;0,925339083314783;1616870,282406763;4740,53;14,25;323287076000;8,00128358322327e-04;0,967673769109079;4791516,28896405;110,7186014569680;0,75;3,29640e+12;2,40399586462869e-03
2016-10-01;3,1805;-0,020057924574809038;-0,191288649308380743;0,930048670141380;1632766,200000228;4752,86;14,00;322983773000;2,60097499646661e-03;0,983588994827309;4811648,99999989;110,8566397086980;0,72;3,32770e+12;1,24674851301876e-03
2016-11-01;3,3961;0,067788083634648721;-0,084140125670828736;0,937868793358126;1619214,874036151;4761,42;14,00;332706192000;1,80102085901979e-03;0,987488547833759;4747849,76333380;110,6842065437470;0,71;3,32850e+12;-1,55546086733382e-03
2016-12-01;3,2585;-0,040517063690704069;-0,165514238885474230;0,936759899308613;1584534,775443090;4775,70;13,75;363028546000;2,99910530892045e-03;0,984900979893810;4690230,16265246;110,7204358523400;0,87;3,38400e+12;3,27321392313396e-04
2017-01-01;3,1264;-0,040540125824766071;-0,234438513149517691;0,931213195179808;1585584,500000148;4793,85;13,00;326435805000;3,80048998052662e-03;0,972258317774913;4647310,99999996;111,3656844243780;0,90;3,38860e+12;5,82772789025610e-03
2017-02-01;3,0987;-0,008860030706243527;-0,217065036131183997;0,937052028992628;1594954,711919043;4809,67;12,25;333845630000;3,30006153717788e-03;0,975732926632327;4732253,33912130;111,7160539403960;0,87;3,35800e+12;3,14611738641912e-03
2017-03-01;3,1678;0,022299674056862617;-0,122736084187205718;0,932356469320079;1636862,377594931;4821,69;12,25;325270676000;2,49913195707796e-03;0,984341113772171;4808475,52042182;111,8068565113010;0,98;3,47730e+12;8,12797871946547e-04
2017-04-01;3,1978;0,009470294841845917;-0,085977248042074073;0,939264727277258;1630637,599999831;4828,44;11,25;327570800000;1,39992409300471e-03;0,984069357120431;4857935,99999982;112,1384234747580;1,03;3,48910e+12;2,96553336533067e-03
2017-05-01;3,2431;0,014165989117518318;-0,098913617293212130;0,938314442031042;1656449,305267124;4843,41;11,25;326537000000;3,10038024703641e-03;0,978676188264694;4900194,80601061;112,2342706329350;1,05;3,51710e+12;8,54721826890836e-04
2017-06-01;3,3076;0,019888378403379425;0,019951278176940423;0,928892039432450;1644296,048858913;4832,27;10,25;333582469000;-2,30003241517840e-03;0,986622873688400;4966935,66819565;112,3360795760710;1,16;3,52770e+12;9,07111014860851e-04
2017-07-01;3,1301;-0,053664288305720120;-0,043777112482434211;0,923437550694940;1648630,700000131;4843,87;9,25;333533428000;2,40052811618541e-03;0,970268410021535;4920944,00000007;112,2585763716120;1,22;3,54820e+12;-6,89922638848373e-04
2017-08-01;3,1465;0,005239449218874759;-0,028768095811340544;0,933317379826262;1684246,449176796;4853,07;9,25;330016863000;1,89930778489100e-03;0,974388248081004;4989840,57521924;112,5947293234980;1,25;3,58860e+12;2,99445229710771e-03
2017-09-01;3,1674;0,006642300969331050;-0,024094158245008601;0,940080846243156;1693542,303647301;4860,83;8,25;335224186000;1,59898785717094e-03;0,977979934478398;5001609,91927771;113,1909078193400;1,25;3,54220e+12;5,29490589323323e-03
2017-10-01;3,2763;0,034381511649933527;0,030121050149347628;0,947600462533991;1720626,200000014;4881,25;7,50;334125389000;4,20092864798804e-03;0,995851233041422;5050987,00000108;113,1193663998390;1,26;3,60160e+12;-6,32042103727914e-04
2017-11-01;3,2610;-0,004669902023624162;-0,039780925178881654;0,956858366551328;1708158,755541018;4894,92;7,50;348897769000;2,80051216389254e-03;1,007579917271513;5009305,93369087;113,1221179928960;1,32;3,60330e+12;2,43246859010782e-05
2017-12-01;3,3074;0,014228764182765863;0,015006905017646011;0,958749110425188;1677355,871997604;4916,46;7,00;383839562000;4,40048049814901e-03;1,010844741981526;4969297,25520945;113,0556211606680;1,54;3,65270e+12;-5,87832277257894e-04
2018-01-01;3,1618;-0,044022495011187046;0,011322927328556887;0,955760473353063;1682460,499999999;4930,72;7,00;347816120000;2,90046090072948e-03;0,996929914449748;4923798,00000025;113,6715194067570;1,63;3,65190e+12;5,44774545277793e-03
2018-02-01;3,2443;0,026092731988108131;0,046987446348468742;0,947348564322672;1683086,274708703;4946,50;6,75;349603126000;3,20034396599267e-03;0,998861766560095;5018239,11974720;114,1869845062380;1,78;3,56610e+12;4,53468997486062e-03
2018-03-01;3,3232;0,024319575871528443;0,049056127280762585;0,944242566575132;1721286,229477016;4950,95;6,50;355419947000;8,99625998180387e-04;1,005762457329160;5083613,43785069;114,4451756548220;2,08;3,68840e+12;2,26112590415140e-03
2018-04-01;3,4805;0,047333895040924556;0,088404528113077863;0,947256709241221;1734453,799999840;4961,84;6,50;359192039000;2,19957785879488e-03;1,005288385515297;5135596,99999988;114,9001057070330;2,20;3,69810e+12;3,97509156334497e-03
2018-05-01;3,7364;0,073523918977158376;0,152107551416854170;0,936326523727129;1726707,110372774;4981,69;6,50;358130097000;4,00053206068707e-03;0,997576349709699;5143646,28548138;115,3779657013930;2,16;3,65570e+12;4,15891692544146e-03
2018-06-01;3,8552;0,031795310994540138;0,165558108598379494;0,944975238145048;1751251,726629135;5044,46;6,50;359116892000;1,26001417189749e-02;1,005656020097794;5221071,75897504;115,5618638374180;2,19;3,65660e+12;1,59387570154390e-03
2018-07-01;3,7543;-0,026172442415438812;0,199418548928149253;0,952510517908862;1767867,999999992;5061,11;6,50;356789583000;3,30065061473372e-03;0,994792241287622;5187828,99999971;115,5696600177480;2,17;3,68070e+12;6,74632622832405e-05
2018-08-01;4,1347;0,101323815358388858;0,314063244875258052;0,950129506396626;1793626,034907661;5056,56;6,50;365719880000;-8,99012272011279e-04;1,001939042362572;5265243,98744809;115,6338638557610;2,19;3,69090e+12;5,55542328350977e-04
2018-09-01;4,0033;-0,031779814738674972;0,263907305676580162;0,945170728510480;1787650,389934911;5080,83;6,50;371430695000;4,79970572879584e-03;1,002307295451716;5275273,90451025;115,7682333167470;2,24;3,67570e+12;1,16202517589148e-03
2018-10-01;3,7171;-0,071491019908575537;0,134542013857094744;0,957728092958341;1819358,800000003;5103,69;6,50;362857188000;4,49926488388708e-03;1,015548472304822;5285745,00000003;115,9727684007050;2,37;3,72220e+12;1,76676345572613e-03
2018-11-01;3,8627;0,039170320949126980;0,184513952775222201;0,955861780240891;1795424,319691605;5092,97;6,50;376198825000;-2,10044105343377e-03;1,024616945406554;5224716,15159893;115,5843351807220;2,56;3,68000e+12;-3,34934851810120e-03
2018-12-01;3,8742;0,002977192119501870;0,171373284150692529;0,950775918969875;1750923,588432958;5100,61;6,50;410226239000;1,50010701025116e-03;1,023064870954621;5180218,84045669;115,2151631121430;2,69;3,80070e+12;-3,19396281513207e-03
2019-01-01;3,6513;-0,057534458726963056;0,154816876462774422;0,948472401859133;1756054,000000301;5116,93;6,50;372836696000;3,19961730067586e-03;1,007993218112138;5120261,00000005;115,4348319579190;2,59;3,74850e+12;1,90659666525139e-03
2019-02-01;3,7379;0,023717580039985808;0,152143759824923563;0,951323042283197;1775914,341391369;5138,93;6,50;376405088000;4,29945299232148e-03;1,010996133617091;5213173,32299069;115,9227811268230;2,49;3,70510e+12;4,22705314009453e-03
2019-03-01;3,8961;0,042323229620910174;0,172394077997111372;0,936391314045898;1797337,446535199;5177,47;6,50;377380908000;7,49961567875035e-03;1,018729574417075;5306091,05769102;116,5767430768770;2,48;3,75730e+12;5,64135835680601e-03
2019-04-01;3,9447;0,012474012474012364;0,133371642005458924;0,955394003109895;1825142,499999821;5206,98;6,50;375671489000;5,69969502479006e-03;1,017785980338393;5352103,00000006;117,1940171194950;2,47;3,82380e+12;5,29500161289409e-03
2019-05-01;3,9401;-0,001166121631556272;0,054517717589123160;0,954761972101761;1855605,032010165;5213,75;6,50;371571210000;1,30017783820957e-03;1,010105957391430;5378204,17619452;117,4434948900620;2,44;3,79130e+12;2,12875858937944e-03
2019-06-01;3,8316;-0,027537372147915073;-0,006121601992114534;0,956621593450094;1848554,639573555;5214,27;6,50;376630901000;9,97362742747310e-05;1,018681217993485;5450654,15885158;117,4668834310530;2,30;3,83130e+12;1,99147181484172e-04
2019-07-01;3,7643;-0,017564463931516783;0,002663612391124781;0,968408792126767;1880548,399999707;5224,18;6,50;372453332000;1,90055367290154e-03;1,003317859502935;5397763,99999988;117,6631637358380;2,22;3,86350e+12;1,67094162245474e-03
2019-08-01;4,1379;0,099248200196583758;0,000773937649648282;0,960390272049184;1899455,530496396;5229,93;6,00;376743944000;1,10065120267677e-03;1,007932825894035;5492296,11502657;117,6572019508790;2,06;3,85070e+12;-5,06682360877919e-05
2019-09-01;4,1638;0,006259213610768866;0,040091924162565906;0,957281779102987;1898462,626232969;5227,84;5,50;387600000000;-3,99622939504019e-04;1,006532577731519;5496734,82497067;117,7493803183130;2,03;3,87800e+12;7,83448576930246e-04
2019-10-01;4,0035;-0,038498486959027911;0,077049312636194855;0,961341978991751;1927385,999999845;5233,07;5,00;381891709000;1,00041317255295e-03;1,019173373414650;5511056,00000055;118,0185778391280;1,88;3,92490e+12;2,28619055223289e-03
2019-11-01;4,2234;0,054926938928437696;0,093380278043855292;0,958813123846004;1899292,911687153;5259,76;5,00;406200000000;5,10025663711744e-03;1,022862708962887;5431016,50744022;117,9552911988000;1,77;3,92610e+12;-5,36243034670925e-04
2019-12-01;4,0301;-0,045768811857744951;0,040240565794228411;0,955146472137284;1861878,270420996;5320,25;4,50;447700000000;1,15005247387714e-02;1,012009810554652;5341158,41029695;117,8479790695490;1,76;4,04330e+12;-9,09769525049398e-04
2020-01-01;4,2689;0,059254112801171210;0,169145235943362726;0,954206708154986;1873397,999999974;5331,42;4,50;404700000000;2,09952539824254e-03;0,989118663030200;5254152,00000007;118,3052021159750;1,65;3,98350e+12;3,87976993781258e-03
2020-02-01;4,4981;0,053690646302326117;0,203376227293400103;0,944477145621052;1854444,458088998;5344,75;4,25;409900000000;2,50027197257019e-03;0,979331772544146;5299361,42110831;118,6294314979440;1,59;3,94140e+12;2,74061813149307e-03
2020-03-01;5,1981;0,155621262310753572;0,334180334180334215;0,909423171728033;1832151,119016171;5348,49;3,75;435800000000;6,99752093175521e-04;0,958407006664186;5234000,04392619;118,3712403493610;1,35;4,28570e+12;-2,17645103177844e-03
2020-05-01;5,4257;-0,000128998968008331;0,377046267861221640;0,901433283265857;1818775,051291650;5311,65;3,14;503400000000;-3,79976406203408e-03;0,911756295487942;5072219,97673732;117,5819917406350;0,17;1,61663e+13;1,95016166859574e-05
2020-06-01;5,4754;0,009160108373112985;0,429011379058356734;0,909366118317056;1866560,402972601;5325,46;2,69;534000000000;2,59994540302921e-03;0,945904667346352;5287909,00773178;118,2254059173010;0,20;1,65399e+13;5,47204692777492e-03
2020-07-01;5,2027;-0,049804580487270211;0,382116196902478666;0,931947077363335;1929702,700000150;5344,63;2,25;546400000000;3,59968904094665e-03;0,951927969233916;5349433,00000007;118,8234188085140;0,18;1,67418e+13;5,05824350166595e-03
2020-08-01;5,4707;0,051511715071020703;0,322095749051451108;0,937198753755809;1970424,983434221;5357,46;2,03;565300000000;2,40054035545967e-03;0,959557641127999;5463660,97302971;119,1980940632090;0,15;1,68651e+13;3,15321052408701e-03
2020-09-01;5,6401;0,030964958780412166;0,354555934482924329;0,963428771400514;2009823,288231156;5391,75;2,00;586000000000;6,40042109507122e-03;0,955036198965699;5470088,62175006;119,3641068443580;0,13;1,71325e+13;1,39274694326041e-03
2020-10-01;5,7712;0,023244268718639827;0,441538653678031912;0,969436261322105;2048978,799999878;5438,12;2,00;590300000000;8,60017619511289e-03;0,974925510655112;5539370,00000007;119,4136355193980;0,12;1,73172e+13;4,14937759343204e-04
2020-11-01;5,3311;-0,076257970612697568;0,262276838566084303;0,999079868393452;2079680,527969108;5486,52;2,00;607500000000;8,90013460534167e-03;0,983090672580106;5493978,31743622;119,3407183033680;0,16;1,76372e+13;-6,10627217845217e-04
2020-12-01;5,1961;-0,025323104049820855;0,289322845586958310;1,036471240614339;2105674,450101755;5560,59;2,00;641100000000;1,35003608844950e-02;0,981833712573819;5456027,71015889;119,4530750198920;0,17;1,79439e+13;9,41478467042289e-04
2021-01-01;5,4753;0,053732607147668254;0,282602075476117820;1,054000181361270;2152621,800000233;5574,49;2,00;590900000000;2,49973474037812e-03;0,974260004402929;5444405,99999968;119,9612025378860;0,14;1,80805e+13;4,25378348702510e-03
2021-02-01;5,5296;0,009917264807407955;0,229319045819345924;1,040135234084843;2158173,722450957;5622,43;2,00;587800000000;8,59988985539495e-03;0,969968747169393;5507818,99199786;120,6179160809980;0,11;1,82579e+13;5,47438279392543e-03
2021-03-01;5,6967;0,030219184027777679;0,095919662953771523;1,040553197912407;2187960,417618629;5674,72;2,40;593100000000;9,30024918051453e-03;0,992275011636751;5690877,71421664;121,4722857254230;0,10;1,87163e+13;7,08327313374646e-03
2021-04-01;5,4030;-0,051556164095002410;-0,004312251216276097;1,022850909017833;2182048,900000009;5692,31;2,75;598700000000;3,09971240871798e-03;1,003170513066630;5784816,00000022;122,4706554065360;0,11;1,90788e+13;8,21890915405765e-03
2021-05-01;5,2316;-0,031723116786970040;-0,035774185819341220;1,019842731672899;2215985,370011813;5739,56;3,40;602400000000;8,30067231053833e-03;1,000995576871068;5833578,34689256;123,4525155293030;0,10;1,91602e+13;8,01710515476350e-03
2021-06-01;5,0016;-0,043963605780258486;-0,086532490776929483;1,025971274305971;2228394,408793275;5769,98;3,90;636100000000;5,30005784415510e-03;1,002959295768175;5891896,71332418;124,5994712355340;0,09;1,93010e+13;9,29066290235903e-03
2021-07-01;5,1210;0,023872360844529927;-0,015703384780978991;1,024212103965290;2254492,500000248;5825,37;4,25;645100000000;9,59968665402666e-03;0,995722000182960;5883176,99999934;125,1988599232760;0,10;1,94434e+13;4,81052352629141e-03
2021-08-01;5,1427;0,004237453622339293;-0,059955764344599483;1,026866995021667;2276927,535089747;5876,05;5,10;636900000000;8,69987657436355e-03;1,005135961658099;6015133,84821481;125,4575096707030;0,10;1,96539e+13;2,06591136361389e-03
2021-09-01;5,4388;0,057576759289867274;-0,035690856545096850;1,035852350872148;2291776,158841381;5944,21;5,50;629600000000;1,15996290024760e-02;1,013604292672074;6068207,22199679;125,7982486110190;0,10;1,98383e+13;2,71597085906117e-03
2021-10-01;5,6424;0,037434728248878502;-0,022317715553091255;1,037086889194569;2309564,300000171;6018,51;6,50;619000000000;1,24995583937983e-02;1,047240105327187;6203368,99999995;126,8433953741130;0,11;2,00115e+13;8,30811855199753e-03
2021-11-01;5,6193;-0,004094002552105569;0,054060137682654608;1,057793081310656;2313557,334496613;6075,69;7,75;623300000000;9,50069037020773e-03;1,056934623939828;6144645,75719766;127,4666312016890;0,14;2,02566e+13;4,91342750434764e-03
2021-12-01;5,5799;-0,007011549481252044;0,073863089624911060;1,069716065995672;2304034,240087110;6120,04;8,90;653400000000;7,29958243425854e-03;1,055724277428752;6071348,12641842;127,8582746135730;0,17;2,05778e+13;3,07251716148604e-03
2022-01-01;5,3568;-0,039982795390598458;-0,021642649717823703;1,067284109785425;2315708,599999849;6153,09;9,25;599700000000;5,40029150136268e-03;1,041406973608438;6010732,99999982;128,9341474991460;0,22;2,05416e+13;8,41457378354771e-03
2022-02-01;5,1388;-0,040695937873357235;-0,070674189814814881;1,096395146973077;2365923,804316986;6215,24;10,64;604800000000;1,01006161132049e-02;1,050696167289796;6155651,27672605;130,1118293278550;0,38;2,05212e+13;9,13397925647885e-03
2022-03-01;4,7372;-0,078150540982330541;-0,168430845928344564;1,132923137681801;2434455,460215580;6315,93;11,23;603000000000;1,62005007047195e-02;1,077320237095510;6291158,24179859;131,8490017449690;0,73;2,08026e+13;1,33513795485627e-02
2022-04-01;4,9185;0,038271552816009580;-0,089672404219877766;1,197525279675352;2471837,400000179;6382,88;11,75;610800000000;1,06001808126435e-02;1,109197891295401;6352982,00000053;132,5850528879120;0,91;2,08208e+13;5,58253102565565e-03
2022-05-01;4,7283;-0,038670326318999693;-0,096203838213930748;1,164539168151179;2508700,653958230;6412,88;12,62;603000000000;4,70007269445771e-03;1,093881259289185;6400356,40618391;134,0466074004090;1,33;2,05433e+13;1,10235239995913e-02
2022-06-01;5,2374;0,107670833068967742;0,047144913627639173;1,135817060054608;2517979,168263779;6455,85;12,99;609400000000;6,70057758760501e-03;1,091819782753881;6457841,77636657;135,8878817548740;1,87;2,05411e+13;1,37360757588214e-02
2022-07-01;5,1878;-0,009470347882537089;0,013044327279828183;1,110737636863303;2543644,699999961;6411,95;13,25;603700000000;-6,80003407761964e-03;1,077600240126074;6439153,99999952;135,8718307953710;2,50;2,04832e+13;-1,18119138334483e-04
2022-08-01;5,1784;-0,001811943405682581;0,006941878779629373;1,104006788356524;2569337,874398774;6388,87;13,70;603300000000;-3,59952900443705e-03;1,074923055425774;6540365,90657694;135,8236779168610;2,76;2,03950e+13;-3,54399276348505e-04
2022-09-01;5,4060;0,043951799783716883;-0,006030742075457840;1,086364445788371;2570721,505784739;6370,34;13,75;606800000000;-2,90035640105368e-03;1,069399115867450;6585086,32714239;136,1158053798230;3,21;2,02470e+13;2,15078451299799e-03
2022-10-01;5,2564;-0,027672955974842650;-0,068410605416134973;1,080299669632448;2584125,800000232;6407,93;13,75;597500000000;5,90078394559801e-03;1,090554414347628;6655020,00000031;136,6679583867410;3,85;2,00583e+13;4,05649443411238e-03
2022-11-01;5,2935;0,007058062552317113;-0,057978751801825879;1,072729983813372;2580973,746912360;6434,20;13,75;606900000000;4,09960782967356e-03;1,093704972293099;6583022,13110797;136,5299201350110;4,46;1,99651e+13;-1,01002644189196e-03
2022-12-01;5,2171;-0,014432794937187077;-0,065019086363554912;1,058103267496290;2555770,448479846;6474,09;13,75;645800000000;6,19968294426654e-03;1,080288881511300;6489684,21106844;136,1107607925510;4,51;1,98798e+13;-3,07009146453396e-03
2023-01-01;5,0987;-0,022694600448525115;-0,048181750298685766;1,041639526764726;2556531,400000126;6508,40;13,75;586500000000;5,29958650559381e-03;1,078809840167139;6481468,00000011;137,1990158468830;4,61;1,95905e+13;7,99536383453647e-03
