date;cn_exchange;cn_exchange_rate_h1;cn_exchange_rate_h12;cn_gap;cn_gdp;cn_inflation;cn_interest;cn_m1;cn_inflation_rate;us_gap;us_gdp;us_inflation;us_interest;us_m1;us_inflation_rate
2001-12-01;8,2768;-4,83255207075484e-05;-7,24865295865795e-05;0,627050677604299;2395038,42442536;63,51524;3,24;5987259000000;0,001000129547193085;0,994368842081038;2642080,02241208;81,0344155501696;1,83;1,20850e+12;-3,94588500563597e-03
2002-01-01;8,2765;-3,62458921321362e-05;-1,93281066911521e-04;0,809336380761148;2629500,00000045;63,70578;3,24;6170896000000;0,002999909942873469;0,983917822954196;2631118,99999845;81,2178550873516;1,74;1,19180e+12;2,26372382569262e-03
2002-02-01;8,2765;0,00000000000000e+00;-2,17435946993860e-04;0,514697933713148;1866430,19801430;64,40655;2,70;5870397000000;0,011000100775785171;0,980852382884010;2672308,90314855;81,5388742774202;1,82;1,17830e+12;3,95256916996090e-03
2002-03-01;8,2774;1,08741617833585e-04;-3,62419512666134e-05;0,693259516929293;2612164,84251797;63,56926;2,70;5947667000000;-0,013000075302900038;0,990363260414087;2719017,02858517;81,9974731203753;1,91;1,19680e+12;5,62429696287947e-03
2002-04-01;8,2773;-1,20810882644484e-05;0,00000000000000e+00;0,757514895010525;2919480,00000040;63,37855;2,70;6046204000000;-0,003000034922539641;0,976387997328138;2721841,99999981;82,4560719633304;1,87;1,19690e+12;5,59284116331060e-03
2002-05-01;8,2765;-9,66498737511312e-05;-6,04083605169059e-05;0,792758778977691;3023843,97433978;63,18842;2,70;6124753000000;-0,002999910853119792;0,974875968158410;2756928,81317545;82,4560719633304;1,82;1,18600e+12;0,00000000000000e+00
2002-06-01;8,2771;7,24944118890569e-05;4,83284400789596e-05;0,783817560108744;3046678,48843892;62,61972;2,70;6314569000000;-0,009000066784388694;1,005465238265004;2850717,12514406;82,5019318476259;1,81;1,19470e+12;5,56173526139903e-04
2002-07-01;8,2767;-4,83261045536310e-05;-3,62450163101657e-05;0,780205364088273;3125730,00000076;62,18138;2,70;6348941000000;-0,007000031300044229;0,966802267807093;2751462,99999994;82,5936516162170;1,79;1,20040e+12;1,11172873818877e-03
2002-08-01;8,2768;1,20821100195734e-05;-1,20818180719962e-05;0,779922415225315;3214148,44063804;62,36793;2,70;6487050000000;0,003000094240430240;0,981026912022180;2838008,04865093;82,8688109219900;1,73;1,18230e+12;3,33148250971593e-03
2002-09-01;8,2772;4,83278561764777e-05;4,83278561764777e-05;0,793835614221470;3377568,91458422;62,99161;2,70;6680129000000;0,010000011223717076;0,974346570455680;2845878,55666703;83,0063905748766;1,76;1,18580e+12;1,66021029330454e-03
2002-10-01;8,2771;-1,20813801768316e-05;3,62458921323583e-05;0,794031927567238;3497030,00000064;63,11759;2,70;6710177000000;0,001999948882081215;0,983611721763597;2824685,99999977;83,1439702277631;1,73;1,19660e+12;1,65745856353539e-03
2002-11-01;8,2771;0,00000000000000e+00;-1,20813801768316e-05;0,776832836983772;3331930,51267457;63,05447;2,70;6799428000000;-0,001000038182699892;0,992413458833287;2794123,27956445;83,1439702277631;1,39;1,20530e+12;0,00000000000000e+00
2002-12-01;8,2773;2,41630522768155e-05;6,04098202203751e-05;0,751984198683890;3172960,15471794;63,24364;2,70;7088219000000;0,003000104512812518;0,978284425696454;2746975,25114470;82,9605306905811;1,34;1,24550e+12;-2,20628792057320e-03
2003-01-01;8,2768;-6,04061710944848e-05;3,62472059445285e-05;0,761323139511460;2982550,00000081;63,93932;2,70;7240605000000;0,010999999367525382;0,973008319851351;2743733,99999991;83,3274097649451;1,29;1,22550e+12;4,42233278054061e-03
2003-02-01;8,2775;8,45737483086140e-05;1,20824019815169e-04;0,729045295391750;3384049,73947502;64,51477;2,70;6975705000000;0,008999939317465344;0,970196073645411;2799284,26981174;83,9694481450823;1,27;1,22550e+12;7,70500825536624e-03
2003-03-01;8,2774;-1,20809423134194e-05;0,00000000000000e+00;0,794363204185092;3290781,56124678;64,12768;2,70;7143921000000;-0,006000021390450638;0,978958098434382;2853291,04998078;84,4739068723329;1,23;1,24510e+12;6,00764609502979e-03
2003-04-01;8,2771;-3,62432647932343e-05;-2,41624684377273e-05;0,743883214050832;3253730,00000023;63,99942;2,70;7132154000000;-0,002000072355650473;0,966528595114558;2831412,99999941;84,2904673351509;1,24;1,25960e+12;-2,17155266015157e-03
2003-05-01;8,2768;-3,62445784152232e-05;3,62472059445285e-05;0,800848744264364;3237155,22209696;63,55143;2,70;7277815000000;-0,006999907186658882;0,964590974959557;2879737,84603718;84,1528876822644;1,22;1,26660e+12;-1,63220892274152e-03
2003-06-01;8,2774;7,24917842644945e-05;3,62445784150012e-05;0,833557747461517;3495939,76536771;62,78881;2,70;7592352000000;-0,012000044688215583;1,001017468375409;2970891,81483491;84,2446074508554;1,04;1,28470e+12;1,08991825613036e-03
2003-07-01;8,2773;-1,20810882644484e-05;7,24926601181064e-05;0,800530674251668;3529190,00000024;62,47487;2,70;7615304000000;-0,004999935498060770;0,971228202301066;2886905,00000109;84,3363272194464;1,05;1,28790e+12;1,08873162765355e-03
2003-08-01;8,2771;-2,41624684377273e-05;3,62458921323583e-05;0,838913774149297;3701460,49090339;62,91219;2,70;7703330000000;0,006999934533677310;0,980111673452298;2977737,21566006;84,6573464095150;1,08;1,29220e+12;3,80641653072344e-03
2003-09-01;8,2770;-1,20815261385188e-05;-2,41627603538852e-05;0,853970320068100;3785944,53413068;63,66714;2,70;7916414000000;0,012000059130035101;0,990604632706971;3004907,64797614;84,9325057152881;1,08;1,28620e+12;3,25027085590501e-03
2003-10-01;8,2766;-4,83266884135913e-05;-6,04076306919277e-05;0,823118139954198;3976740,00000036;64,24014;2,70;8026737000000;0,008999933089502532;1,005553205598598;2994399,00000040;84,8407859466971;1,10;1,28880e+12;-1,07991360691118e-03
2003-11-01;8,2772;7,24935359930345e-05;1,20815261384077e-05;0,929284474169448;4055307,60888465;64,88255;2,70;8081522000000;0,010000133872684502;1,023507727826248;2986015,61559803;84,6114865252195;1,11;1,29390e+12;-2,70270270270312e-03
2003-12-01;8,2767;-6,04069008843799e-05;-7,24874053134039e-05;1,087698061855445;4102442,43956981;65,27184;2,70;8411881000000;0,005999918313938091;1,014218727839376;2946693,94649926;84,5197667566285;1,10;1,33250e+12;-1,08401084010823e-03
2004-01-01;8,2768;1,20821100195734e-05;0,00000000000000e+00;0,805564065471638;3454460,00000062;65,98983;2,70;8380590000000;0,010999996323069805;0,998094171267201;2924602,00000045;84,9325057152881;1,06;1,30180e+12;4,88334237655996e-03
2004-02-01;8,2769;1,20819640441194e-05;-7,24856538810714e-05;1,213057014415174;4346556,05924006;65,85785;2,70;8355640000000;-0,002000005152309026;1,005873644645543;2999248,54509540;85,3911045582432;1,05;1,30670e+12;5,39956803455688e-03
2004-03-01;8,2770;1,20818180719962e-05;-4,83243530577937e-05;0,964143470190453;3998811,62367456;66,05542;2,70;8581560000000;0,002999946096023498;1,016222540600842;3041283,78670935;85,9414231697893;1,05;1,33790e+12;6,44468313641200e-03
2004-04-01;8,2771;1,20816721036476e-05;0,00000000000000e+00;0,944786154717295;3870080,00000060;66,38570;2,70;8560360000000;0,005000043902529061;1,000958049409195;3032385,99999979;86,2165824755624;1,08;1,34320e+12;3,20170757737492e-03
2004-05-01;8,2769;-2,41630522769265e-05;1,20819640441194e-05;0,853872351434549;3950302,37921280;66,31931;2,70;8678040000000;-0,001000064772985754;1,004978165159257;3081363,54158126;86,7210412028130;1,20;1,33340e+12;5,85106382978684e-03
2004-06-01;8,2766;-3,62454542158774e-05;-9,66487061154764e-05;0,881209585353049;4049180,59419248;65,85508;2,70;8862710000000;-0,006999922043821050;1,024428484414950;3139365,19234718;86,9962005085861;1,46;1,34770e+12;3,17292437863603e-03
2004-07-01;8,2769;3,62467679964062e-05;-4,83249368756766e-05;0,941680925538153;4185500,00000138;65,72337;2,70;8798220000000;-0,001999997570422796;0,999383886117943;3069687,99999940;86,8586208556996;1,57;1,33880e+12;-1,58144438587204e-03
2004-08-01;8,2766;-3,62454542158774e-05;-6,04076306919277e-05;0,927769419035466;4369319,17537777;66,18343;2,70;8912530000000;0,006999945377116124;1,009723832179069;3162515,24180899;86,9044807399951;1,68;1,35260e+12;5,27983104540386e-04
2004-09-01;8,2766;0,00000000000000e+00;-4,83266884135913e-05;0,894269374089470;4540493,54461688;66,91145;2,70;9043910000000;0,011000034298615180;1,015743954388793;3171032,37393007;87,0879202771771;1,86;1,34910e+12;2,11081794195200e-03
2004-10-01;8,2765;-1,20822559988021e-05;-1,20822559988021e-05;0,973387183011643;4673980,00000089;66,91145;3,33;9078250000000;0,000000000000000000;1,042524641153145;3190521,00000003;87,5465191201322;2,04;1,35140e+12;5,26592943654536e-03
2004-11-01;8,2765;0,00000000000000e+00;-8,45696612381541e-05;0,896969649426754;4299675,84904814;66,71072;3,33;9238710000000;-0,002999934988705322;1,048157514533804;3151404,56566976;87,5923790044278;2,26;1,37100e+12;5,23834468308948e-04
2004-12-01;8,2765;0,00000000000000e+00;-2,41642200393688e-05;0,820606613266403;3956555,12844404;66,77743;3,33;9597080000000;0,000999989207131957;1,039858272921527;3120617,77268023;87,2713598143592;2,45;1,40150e+12;-3,66492146596875e-03
2005-01-01;8,2765;0,00000000000000e+00;-3,62458921321362e-05;0,968460416214372;4045330,00000187;67,17809;3,33;9707900000000;0,005999931413952275;1,034126923336909;3111328,99999935;87,4547993515412;2,61;1,36150e+12;2,10194429847554e-03
2005-02-01;8,2765;0,00000000000000e+00;-4,83272722878736e-05;0,734707214849634;3459644,82217411;68,38730;3,33;9281500000000;0,018000065199829329;1,038724766173318;3174813,14144859;87,9592580787919;2,77;1,35500e+12;5,76822233875274e-03
2005-03-01;8,2765;0,00000000000000e+00;-6,04083605169059e-05;0,879429772563892;4176158,22518256;67,77181;3,33;9474320000000;-0,009000062877171588;1,039765334964725;3206168,53042326;88,6471563432245;2,97;1,38170e+12;7,82064650677694e-03
2005-04-01;8,2765;0,00000000000000e+00;-7,24891568303354e-05;0,921339153442952;4479309,99999988;67,56850;3,33;9459370000000;-0,002999919878191259;1,038268217101240;3232050,99999975;89,2433348390662;3,09;1,36940e+12;6,72529746508066e-03
2005-05-01;8,2765;0,00000000000000e+00;-4,83272722878736e-05;0,977668111838193;4623399,97471662;67,43336;3,33;9580200000000;-0,002000044399387391;1,028613665760517;3278812,37525747;89,1516150704752;3,22;1,36950e+12;-1,02774922918769e-03
2005-06-01;8,2765;0,00000000000000e+00;-1,20822559988021e-05;0,955106458611033;4742324,91254548;66,89389;3,33;9860130000000;-0,008000046267900518;1,060608321286568;3375970,71537087;89,1974749547707;3,38;1,38430e+12;5,14403292180887e-04
2005-07-01;8,1056;-2,06488249864073e-02;-2,06961543573075e-02;0,953653737263087;4804779,99999997;66,89389;3,33;9766310000000;0,000000000000000000;1,031265323429947;3306451,00000053;89,6102139134303;3,57;1,36540e+12;4,62724935732650e-03
2005-08-01;8,0998;-7,15554678247243e-04;-2,13614286059494e-02;0,952881935009016;4997867,64640410;67,02768;3,33;9937770000000;0,002000033186887462;1,036060091941902;3388887,96949263;90,0688127563854;3,77;1,37690e+12;5,11770726714400e-03
2005-09-01;8,0920;-9,62986740413285e-04;-2,23038445738588e-02;0,987186636900328;5228406,19737209;67,49687;3,33;10096400000000;0,006999943903772232;1,032378228558010;3375889,26240880;91,1694499794777;3,87;1,36350e+12;1,22199592668026e-02
2005-10-01;8,0845;-9,26841324765282e-04;-2,31982118045068e-02;0,969078132759970;5402479,99999972;67,76686;3,33;10175200000000;0,004000037335064377;1,056289615868415;3389366,99999979;91,3528895166597;4,13;1,36540e+12;2,01207243460710e-03
2005-11-01;8,0804;-5,07143298905444e-04;-2,36935902857489e-02;0,928267245960525;5154275,03976381;67,56356;3,33;10412580000000;-0,002999991441244299;1,067878755484645;3372114,43940039;90,6191313679315;4,31;1,37360e+12;-8,03212851405632e-03
2005-12-01;8,0702;-1,26231374684416e-03;-2,49259952878633e-02;0,887607905626430;4868388,05202395;67,83382;3,33;10727860000000;0,004000085253056618;1,055478252498281;3341090,02225203;90,2522522935675;4,45;1,39720e+12;-4,04858299595046e-03
2006-01-01;8,0608;-1,16477906371582e-03;-2,60617410741255e-02;0,915023368506592;4707889,99999980;68,71565;3,33;10738980000000;0,012999857593159136;1,048440404748530;3333266,00000097;90,9401505580001;4,56;1,37550e+12;7,62195121951126e-03
2006-02-01;8,0415;-2,39430329495849e-03;-2,83936446565579e-02;0,866033840794121;5038305,90250328;69,05923;3,33;10435710000000;0,005000025467269964;1,047849711853595;3390866,61121464;91,1235900951822;4,72;1,36200e+12;2,01714573878009e-03
2006-03-01;8,0170;-3,04669526829571e-03;-3,13538331420288e-02;0,951954033383393;5118439,51481622;68,43770;3,33;10673710000000;-0,008999955545406335;1,067005558227729;3456337,92945719;91,6280488224328;4,88;1,39470e+12;5,53598389531929e-03
2006-04-01;8,0165;-6,23674691279108e-05;-3,14142451519361e-02;0,936882025081090;5267329,99999964;68,57458;3,33;10638910000000;0,002000067214415369;1,055968417727712;3460989,99999963;92,4076668554565;5,03;1,39360e+12;8,50850850850837e-03
2006-05-01;8,0188;2,86908251730722e-04;-3,11363499063614e-02;1,004289914030453;5459797,24044788;68,50600;3,33;10921920000000;-0,001000079038034118;1,042348764749297;3491614,68313166;92,8662656984116;5,15;1,39210e+12;4,96277915632737e-03
2006-06-01;7,9956;-2,89320097770251e-03;-3,39394671660728e-02;1,029864214918687;5670935,31814031;68,16347;3,33;11234240000000;-0,004999999999999893;1,066098282967012;3559705,45047007;93,0497052355937;5,35;1,37900e+12;1,97530864197604e-03
2006-07-01;7,9732;-2,80154084746598e-03;-1,63343861034347e-02;0,956164658004497;5606470,00000030;67,95898;3,33;11265300000000;-0,002999993985048133;1,027631647704940;3463694,00000042;93,3248645413668;5,46;1,36860e+12;2,95712173484497e-03
2006-08-01;7,9585;-1,84367631565752e-03;-1,74448751821032e-02;0,982677011357760;5837602,57100157;68,16286;3,33;11484570000000;0,003000045027161891;1,030344434889146;3555895,57574298;93,5083040785488;5,38;1,37060e+12;1,96560196560158e-03
2006-09-01;7,9087;-6,25746057674192e-03;-2,26520019772616e-02;1,032877188574538;6156284,14456219;68,50367;3,33;11681410000000;0,004999936915792702;1,035871622591291;3572897,59365163;93,0497052355937;5,34;1,34740e+12;-4,90436488474721e-03
2006-10-01;7,8792;-3,73006941722398e-03;-2,53942729915271e-02;0,986525197949963;6362160,00000028;68,57217;3,33;11836000000000;0,000999946426228027;1,039726346514206;3557632,99999959;92,5452465083431;5,33;1,36030e+12;-5,42138984721507e-03
2006-11-01;7,8436;-4,51822520052791e-03;-2,93054799267362e-02;1,013684550026447;6181940,70913082;68,77789;3,33;12164500000000;0,003000050895282991;1,049767750465944;3526318,32332083;92,4076668554565;5,32;1,36850e+12;-1,48662041625447e-03
2006-12-01;7,8087;-4,44948748023877e-03;-3,24031622512453e-02;1,093098396829733;5976573,20724706;69,74078;3,33;12602810000000;0,013999993311804237;1,048846080725822;3522141,64767537;92,5452465083431;5,32;1,38770e+12;1,48883374689901e-03
2007-01-01;7,7776;-3,98273720337572e-03;-3,51329892814610e-02;0,980149988152547;5715930,00000031;70,22897;3,33;12848410000000;0,007000065098210939;1,026660885475535;3482006,00000028;92,8277433956034;5,32;1,36900e+12;3,05252725470706e-03
2007-02-01;7,7409;-4,71867928409786e-03;-3,73810856183547e-02;1,103324769636923;5827404,77959302;70,93126;3,33;12625810000000;0,010000004271741192;1,026787142152381;3533242,64683669;93,3244059425238;5,31;1,34750e+12;5,35036755987672e-03
2007-03-01;7,7342;-8,65532431629346e-04;-3,52750405388548e-02;1,082397070682277;6315624,94008904;70,71846;3,33;12788130000000;-0,003000087690533060;1,045765047094647;3603602,27666693;94,1741895985196;5,30;1,37840e+12;9,10569585108489e-03
2007-04-01;7,7139;-2,62470585193042e-03;-3,77471465103225e-02;1,102345676007653;6478159,99999997;70,64774;3,33;12767780000000;-0,001000021776492277;1,032170301744739;3613882,00000080;94,7859604550218;5,31;1,39230e+12;6,49616268650965e-03
2007-05-01;7,6506;-8,20596585384825e-03;-4,59170948271562e-02;1,053424668285894;6666249,36694816;70,85969;3,33;13027580000000;0,003000095969099670;1,028097201647050;3645033,10369309;95,3651707936741;5,31;1,38560e+12;6,11071867470447e-03
2007-06-01;7,6155;-4,58787546074813e-03;-4,75386462554405e-02;1,073798181712160;6891805,16995060;71,14313;3,33;13584740000000;0,004000017499370845;1,044052700643539;3718930,18081070;95,5499861273850;5,33;1,37080e+12;1,93797517660577e-03
2007-07-01;7,5737;-5,48880572516586e-03;-5,01053529323233e-02;1,095346523031085;6948210,00000059;71,78342;3,33;13623740000000;0,009000025722792904;1,011948087380308;3637993,00000055;95,5256803887084;5,32;1,36860e+12;-2,54377207801970e-04
2007-08-01;7,5607;-1,71646619221777e-03;-4,99842935226488e-02;1,084027545005103;7225324,73281173;72,64481;3,33;14099320000000;0,011999846204039821;1,014234776746261;3719913,13536715;95,3504956306995;5,49;1,37280e+12;-1,83390222708746e-03
2007-09-01;7,5108;-6,59991799701087e-03;-5,03116820716426e-02;1,082014515932039;7621307,24198623;72,86275;3,33;14259160000000;0,003000076674438246;1,021965821685632;3749110,92831616;95,6132727677128;5,46;1,35630e+12;2,75590740535914e-03
2007-10-01;7,4692;-5,53869095169623e-03;-5,20357396690020e-02;1,133263233222120;7866930,00000100;73,08134;3,33;14464930000000;0,003000024017759229;1,032059838797354;3740349,99999999;95,8178078516708;5,08;1,36940e+12;2,13919132812146e-03
2007-11-01;7,3997;-9,30487870186891e-03;-5,65939109592535e-02;1,100673222622564;7552581,19018029;73,59291;3,33;14800980000000;0,007000008483697862;1,041075265232106;3720649,50074647;96,3869290157781;4,97;1,37050e+12;5,93961787341568e-03
2007-12-01;7,3046;-1,28518723732044e-02;-6,45562001357460e-02;1,086948838373053;7281969,45740661;74,32883;3,33;15251920000000;0,009999876346783898;1,032612997308350;3689535,21837618;96,3222665789214;5,02;1,39490e+12;-6,70863129648036e-04
2008-01-01;7,1853;-1,63321742463653e-02;-7,61545978193787e-02;1,131810509740094;6937360,00000089;75,22079;4,14;15487260000000;0,012000188890367358;1,018362388709211;3657486,99999948;96,8010437709666;3,84;1,37590e+12;4,97057647260535e-03
2008-02-01;7,1058;-1,10642561897206e-02;-8,20447234817656e-02;1,091392905008724;7204077,23477338;77,17652;4,14;15017790000000;0,025999859879163756;1,012049268764609;3679921,99451173;97,0821648616980;3,06;1,36590e+12;2,90411218495268e-03
2008-03-01;7,0190;-1,22153733569760e-02;-9,24723953350056e-02;1,133791955591040;7678550,22212739;76,63628;4,14;15086750000000;-0,007000056493866258;1,010463024310964;3717458,96586287;97,9236937385207;2,79;1,40110e+12;8,66821293099029e-03
2008-04-01;7,0002;-2,67844422282371e-03;-9,25212927313032e-02;1,122600972736508;7871180,00000081;76,71292;4,14;15168140000000;0,001000048540978238;0,996526420405939;3715835,00000026;98,5175792401476;2,85;1,40660e+12;6,06477838971964e-03
2008-05-01;6,9472;-7,57121225107871e-03;-9,19405013985831e-02;1,126456456501837;8035862,42867013;76,40607;4,14;15334480000000;-0,003999978100168722;0,979019282024030;3722441,48186117;99,3471845470534;2,66;1,39650e+12;8,42088603175628e-03
2008-06-01;6,8591;-1,26813680331644e-02;-9,93237476199856e-02;1,113093264675358;8181675,86333066;76,25326;4,14;15482020000000;-0,001999971991754057;0,992605654974208;3779921,93023599;100,3483058212240;2,76;1,40730e+12;1,00769969348899e-02
2008-07-01;6,8388;-2,95957195550434e-03;-9,70331542046819e-02;1,119592373596398;8246009,99999970;76,32951;4,14;15499240000000;0,000999957247729499;0,969364238141794;3698181,99999967;100,8752358917800;2,79;1,41770e+12;5,25101112812743e-03
2008-08-01;6,8345;-6,28765280458521e-04;-9,60493076037933e-02;1,116528285158689;8470747,69097291;76,25318;4,14;15688990000000;-0,001000006419535460;0,969936445503995;3750545,27005294;100,4725861076650;2,79;1,40130e+12;-3,99156225564579e-03
2008-09-01;6,8183;-2,37032701733852e-03;-9,22005645204239e-02;1,106835740040232;8726712,22956538;76,25318;4,14;15574900000000;0,000000000000000000;0,955337298467434;3708031,55291650;100,3336306582500;3,59;1,44150e+12;-1,38301854066036e-03
2008-10-01;6,8258;1,09998093366381e-03;-8,61404166443528e-02;1,083050852223560;8869900,00000028;76,02442;4,14;15719440000000;-0,003000006032535252;0,964972297380650;3698359,99999980;99,3201272153190;4,32;1,46260e+12;-1,01013332845806e-02
2008-11-01;6,8349;1,33317706349434e-03;-7,63274186791356e-02;1,021295244226253;8145568,85860891;75,41623;3,06;15782660000000;-0,007999929496338209;0,965172826182976;3647389,99154491;97,4178592147412;2,36;1,51370e+12;-1,91528953285957e-02
2008-12-01;6,8346;-4,38923758943055e-05;-6,43430167291843e-02;0,993018307802239;7615256,58251207;75,26540;2,79;16621713000000;-0,001999967381026591;0,943544823612057;3582498,75756446;96,4103175567688;1,77;1,63230e+12;-1,03424738142874e-02
2009-01-01;6,8380;4,97468761887943e-04;-4,83347946501885e-02;0,982529198515675;7397920,00000055;75,94279;2,79;16521434000000;0,009000018600844539;0,926143193869368;3522116,99999997;96,8299354980727;1,02;1,58070e+12;4,35241737542058e-03
2009-02-01;6,8379;-1,46241591107987e-05;-3,77015958794225e-02;1,020745235290800;7804777,78771554;75,94279;2,79;16614960000000;0,000000000000000000;0,921806477769217;3567974,79561510;97,3114642831756;1,16;1,55200e+12;4,97293303590474e-03
2009-03-01;6,8359;-2,92487459600310e-04;-2,60863370850549e-02;1,010068305982291;8042499,14375189;75,71496;2,79;17654110000000;-0,003000021463525293;0,920006407185260;3597596,41827686;97,5481012861404;1,07;1,59490e+12;2,43174845541505e-03
2009-04-01;6,8250;-1,59452303281193e-03;-2,50278563469616e-02;1,019000461262630;8386579,99999990;75,56353;2,79;17821357000000;-0,002000001056594480;0,913029303942293;3598009,99999999;97,7916172717496;0,89;1,62770e+12;2,49636827778832e-03
2009-05-01;6,8324;1,08424908424909e-03;-1,65246430216490e-02;1,004446860212089;8613156,47905515;75,33684;2,79;18202558000000;-0,002999992192000644;0,907176396724025;3608961,48266209;98,0741141590100;0,57;1,61790e+12;2,88876383417791e-03
2009-06-01;6,8319;-7,31807271237006e-05;-3,96553483693196e-03;1,026727490216783;8852180,17929925;74,96015;2,79;19313815000000;-0,005000076987566771;0,916801182090773;3647794,55172599;98,9165602335185;0,39;1,66170e+12;8,58989226395268e-03
2009-07-01;6,8323;5,85488663475964e-05;-9,50459144879234e-04;1,030158137660463;8984690,00000065;74,96015;2,79;19588927000000;0,000000000000000000;0,903902342323483;3623204,00000011;98,7597194292279;0,35;1,65760e+12;-1,58558692215272e-03
2009-08-01;6,8312;-1,60999956090979e-04;-4,82844392420856e-04;1,025350080532166;9334025,99986914;75,33495;2,79;20039483000000;0,004999989994683984;0,909631578644838;3701241,60312921;98,9812226703752;0,30;1,65130e+12;2,24285004481040e-03
2009-09-01;6,8290;-3,22051762501441e-04;1,56930613202699e-03;1,026263515863443;9689553,17678579;75,63628;2,79;20170813980000;0,003999869914296017;0,914055749519422;3720368,91948229;99,0431335141741;0,25;1,64100e+12;6,25480693495550e-04
2009-10-01;6,8281;-1,31790891784944e-04;3,36956840223834e-04;1,037498214649965;10082580,00000079;75,56251;2,79;20754574310000;-0,000975325597715737;0,927978932429979;3734738,00000003;99,1385220735088;0,24;1,66430e+12;9,63101185818660e-04
2009-11-01;6,8272;-1,31808262913480e-04;-1,12657098128721e-03;1,032920839075946;9901469,36194887;75,78990;2,79;21249318000000;0,003009296541366835;0,926966944863368;3695789,05661781;99,2086876964809;0,21;1,68310e+12;7,07753368766939e-04
2009-12-01;6,8282;1,46472931802144e-04;-9,36411787083369e-04;1,034275085913133;9482365,33710979;76,54786;2,79;22000151000000;0,010000804856583834;0,916834092208239;3635355,34086868;99,0339615373150;0,22;1,72440e+12;-1,76119816946330e-03
2010-01-01;6,8270;-1,75741776749394e-04;-1,60865750219363e-03;0,998211650509851;8750129,99999961;77,00264;2,79;22958898000000;0,005941119712556286;0,906016303418974;3602418,00000021;99,3724074834159;0,20;1,67420e+12;3,41747357014888e-03
2010-02-01;6,8269;-1,46477222791042e-05;-1,60868102780098e-03;0,986231318884624;9040719,33997745;77,93114;2,79;22428695000000;0,012058028140333965;0,904119290078228;3644017,90531558;99,3971718209355;0,19;1,68520e+12;2,49207382076788e-04
2010-03-01;6,8263;-8,78876210286261e-05;-1,40435056100874e-03;1,017804308811337;9663077,81971822;77,38162;2,79;22939793320000;-0,007051353284450834;0,918445199077189;3725905,15924388;99,8053247911655;0,23;1,72950e+12;4,10628353657083e-03
2010-04-01;6,8263;0,00000000000000e+00;1,90476190476074e-04;1,013344699657403;9934739,99999972;77,53953;2,79;23390975970000;0,002040665470689262;0,919912838498581;3755369,99999968;99,9786751538026;0,30;1,71600e+12;1,73688491069801e-03
2010-05-01;6,8279;2,34387589177043e-04;-6,58626544113416e-04;1,007762113869101;10165781,83003078;77,46373;2,79;23649788000000;-0,000977565894454080;0,922966557874507;3798122,31138881;100,0561783582620;0,45;1,70820e+12;7,75197354237589e-04
2010-06-01;6,7909;-5,41894286676725e-03;-6,00125880062652e-03;1,017327864999170;10302841,74106771;76,99632;2,79;24058000000000;-0,006033920649057278;0,936922599355311;3848598,05290747;99,9584968047126;0,52;1,73230e+12;-9,76267084673688e-04
2010-07-01;6,7750;-2,34136859620959e-03;-8,38663407637252e-03;1,036949830084927;10596370,00000107;77,30582;2,79;24066410000000;0,004019672628509996;0,917787229043683;3793867,00000031;99,9795923514885;0,41;1,71840e+12;2,11043057371407e-04
2010-08-01;6,8105;5,23985239852398e-03;-3,03021431080919e-03;1,048435327747680;11078758,92844973;77,76691;2,79;24434060000000;0,005964492712191571;0,923008511403936;3869283,14359932;100,1176306032180;0,32;1,73960e+12;1,38066427840799e-03
2010-09-01;6,7011;-1,60634314661184e-02;-1,87289500658954e-02;1,060394694950026;11492221,52035473;78,23433;2,79;24382190000000;0,006010525556435331;0,930946330993315;3881913,82121530;100,1758726562730;0,28;1,74140e+12;5,81736230712560e-04
2010-10-01;6,6908;-1,53706107952423e-03;-2,01080827755891e-02;1,083413210063820;11930680,00000038;78,78385;2,79;25331320000000;0,007024026408866790;0,941679656084572;3897314,99999988;100,3006115415570;0,27;1,76740e+12;1,24519888847896e-03
2010-11-01;6,6762;-2,18210079512171e-03;-2,21174127021327e-02;1,087962058245246;11411123,39099903;79,64919;2,79;25942030000000;0,010983723186922312;0,943570678985300;3842714,47041177;100,3428026351090;0,27;1,82870e+12;4,20646423820781e-04
2010-12-01;6,6229;-7,98358347562989e-03;-3,00664889722035e-02;1,109205113976477;10891517,13917249;80,04712;3,25;26662150000000;0,004996033230218799;0,942254315039530;3801498,51144706;100,5152358000600;0,30;1,87140e+12;1,71844078920191e-03
2011-01-01;6,5891;-5,10350450708896e-03;-3,48469313021825e-02;1,104060248825538;10446990,00000085;80,84930;3,25;26176500000000;0,010021347426365734;0,938056762637267;3764834,99999990;100,9940129921050;0,29;1,85560e+12;4,76323005397283e-03
2011-02-01;6,5752;-2,10954455084922e-03;-3,68688570214886e-02;1,100363524494102;10959216,05221359;81,88290;3,25;25920050000000;0,012784278899137025;0,938172731440698;3811315,83940353;101,4920513355540;0,28;1,85870e+12;4,93136502544878e-03
2011-03-01;6,5564;-2,85922861662002e-03;-3,95382564493210e-02;1,121354605720643;11465125,70460239;81,71854;3,25;26625550000000;-0,002007256704391280;0,957257533149038;3890195,52830748;102,4817076386520;0,28;1,90940e+12;9,75107203051784e-03
2011-04-01;6,4990;-8,75480446586552e-03;-4,79469112110514e-02;1,122277552528222;11889589,99999946;81,80072;3,25;26676690000000;0,001005646943765592;0,953889331355364;3893028,00000026;103,1416313736640;0,23;1,91800e+12;6,43942953545307e-03
2011-05-01;6,4845;-2,23111247884289e-03;-5,02936481202126e-02;1,123444983844609;12126391,39594936;81,88290;3,25;26928960000000;0,001004636634005296;0,949860273175180;3915464,89087373;103,6268289495110;0,21;1,93420e+12;4,70418752723822e-03
2011-06-01;6,4716;-1,98935924126764e-03;-4,70188045767129e-02;1,126348777740920;12482112,75470203;82,12944;3,25;27466260000000;0,003010885056586865;0,966274375890298;3971790,87648217;103,5158480295150;0,22;1,95410e+12;-1,07096705670751e-03
2011-07-01;6,4442;-4,23388342913644e-03;-4,88265682656827e-02;1,134170482273468;12656220,00000049;82,48972;3,25;27054570000000;0,004386733916607710;0,950705633135925;3927582,99999917;103,6075677981060;0,24;1,99450e+12;8,86045666793400e-04
2011-08-01;6,3867;-8,92275224232641e-03;-6,22274429190220e-02;1,128778869207138;13023306,05373727;82,72406;3,25;27339380000000;0,002840838834220705;0,959772105121701;3991340,64496298;103,8932748772670;0,29;2,10190e+12;2,75758890236411e-03
2011-09-01;6,3549;-4,97909718634049e-03;-5,16631597797377e-02;1,119230393387227;13440448,05243679;83,11464;3,25;26719320000000;0,004721480062753303;0,962460722079698;4005559,10953617;104,0510328792440;0,33;2,09910e+12;1,51846211569873e-03
2011-10-01;6,3233;-4,97254087397125e-03;-5,49261672744665e-02;1,121711132693685;13801209,99999942;83,19276;3,25;27655270000000;0,000939906615729846;0,975855376748379;4014288,00000011;103,8364086207410;0,37;2,12810e+12;-2,06268263335829e-03
2011-11-01;6,3482;3,93781727895259e-03;-4,91297444654144e-02;1,090654438517393;13100238,50741101;83,03652;3,25;28141640000000;-0,001878048041680680;0,987246355142512;3978392,02882566;103,7488162417370;0,41;2,16440e+12;-8,43561330437836e-04
2011-12-01;6,3009;-7,45093097255911e-03;-4,86191849491914e-02;1,076120394915836;12474369,14426673;83,27087;3,25;28984770000000;0,002822252184942364;0,997046421178178;3965942,30500727;103,4929180873680;0,49;2,20810e+12;-2,46651637713879e-03
2012-01-01;6,3115;1,68229935406039e-03;-4,21301846989727e-02;1,064762269145465;11735760,00000111;84,52071;3,25;27001040000000;0,015009330393689790;0,992531841434729;3960258,99999989;103,9483067384220;0,40;2,20920e+12;4,40019142826342e-03
2012-02-01;6,2919;-3,10544244632804e-03;-4,30861418664070e-02;1,091824473924518;12245059,87519533;84,44260;3,25;27031290000000;-0,000924152198910733;0,994867629226703;4003041,57601886;104,4059883836910;0,30;2,19450e+12;4,40297355127406e-03
2012-03-01;6,2943;3,81442807418919e-04;-3,99762064547617e-02;1,094025182641114;12785625,62608475;84,59883;3,25;27799810000000;0,001850132516052483;0,999459607599117;4043065,92300589;105,1989057831610;0,29;2,24600e+12;7,59455862393676e-03
2012-04-01;6,2787;-2,47843286783278e-03;-3,38975226957994e-02;1,078293019395351;13132059,99999991;84,52071;3,25;27498380000000;-0,000923417025980311;0,996948609769091;4047164,99999979;105,5167147813290;0,29;2,26860e+12;3,02102950408134e-03
2012-05-01;6,3355;9,04645866182485e-03;-2,29778703061145e-02;1,072673675743941;13378590,57772075;84,28637;3,25;27865631040000;-0,002772574910929970;0,993209545830747;4072472,49856633;105,3928930937310;0,29;2,24840e+12;-1,17347936632217e-03
2012-06-01;6,3249;-1,67311183016328e-03;-2,26682736881141e-02;1,087596576484631;13600049,02546058;83,81767;3,25;28752557660000;-0,005560804196455438;1,002420231897043;4140641,35268504;105,2383452836550;0,32;2,27100e+12;-1,46639688445183e-03
2012-07-01;6,3320;1,12254739205353e-03;-1,74110052450266e-02;1,073847296315442;13808959,99999968;83,89579;3,25;28309070000000;0,000932023044782682;0,979522309391268;4086345,99999970;105,0668293163900;0,30;2,31460e+12;-1,62978586182350e-03
2012-08-01;6,3449;2,03727100442208e-03;-6,54485101852287e-03;1,066373583351825;14239258,32872487;84,44312;3,25;28573930000000;0,006523926885961595;0,978825299330395;4153391,67074711;105,6515428411570;0,26;2,33460e+12;5,56515818142977e-03
2012-09-01;6,3410;-6,14666897823413e-04;-2,18728854899364e-03;1,066362794603310;14707105,44560585;84,70231;3,25;28678820000000;0,003069403404327042;0,977695027983103;4164266,42593338;106,1229824517150;0,24;2,35800e+12;4,46221226761256e-03
2012-10-01;6,3002;-6,43431635388736e-03;-3,65315578890757e-03;1,058354199816945;15181200,00000091;84,61381;3,25;29331170000000;-0,001044835731162430;0,988170277858253;4160201,00000026;106,0817085558490;0,23;2,41620e+12;-3,88925140553553e-04
2012-11-01;6,2892;-1,74597631821216e-03;-9,29397309473556e-03;1,033085455608749;14461605,61725194;84,75506;3,25;29688300000000;0,001669349246889995;1,002870522888486;4128145,54577863;105,5790842239700;0,23;2,41520e+12;-4,73808669488374e-03
2012-12-01;6,2896;6,36010939387699e-05;-1,79339459442307e-03;1,034500856230251;13723210,91058014;85,37871;3,25;30867300000000;0,007358262739711297;1,004504961099667;4102936,39470193;105,2947529413380;0,24;2,50970e+12;-2,69306449020557e-03
2013-01-01;6,2795;-1,60582548969734e-03;-5,07011011645409e-03;1,016723052399579;12944960,00000079;86,23212;3,25;31122854570000;0,009995583208038505;0,993795712430638;4065317,99999975;105,6061415557050;0,23;2,48130e+12;2,95730419293050e-03
2013-02-01;6,2779;-2,54797356477376e-04;-2,22508304327795e-03;1,011134786994527;13427987,68447065;87,18035;3,25;29610323720000;0,010996250585048939;0,987020039929620;4113689,41430465;106,4710589735180;0,22;2,45570e+12;8,19002952926540e-03
2013-03-01;6,2742;-5,89369056531508e-04;-3,19336542586135e-03;1,005059055721297;13846111,72366378;86,39648;3,25;31089829310000;-0,008991361011971288;0,985641255120240;4159310,47973776;106,7494284711920;0,21;2,49720e+12;2,61450858437740e-03
2013-04-01;6,2208;-8,51104523285851e-03;-9,22165416407861e-03;1,000914049806772;14351870,00000072;86,56728;3,25;30764842020000;0,001976932393541908;0,982047255618086;4177428,00000031;106,6384475511970;0,20;2,54230e+12;-1,03963947708585e-03
2013-05-01;6,1796;-6,62294238683125e-03;-2,46073711624970e-02;1,008002340939505;14627407,51500972;86,04879;3,25;31020447840000;-0,005989445434810947;0,983457104174733;4216193,47754073;106,8283074721800;0,20;2,51850e+12;1,78040777358324e-03
2013-06-01;6,1779;-2,75098711890687e-04;-2,32414741735048e-02;0,999678082209443;14890408,12886642;86,04879;3,25;31349982000000;0,000000000000000000;0,999333064383667;4298637,50453176;107,0846642253920;0,19;2,52350e+12;2,39970808560042e-03
2013-07-01;6,1770;-1,45680571067897e-04;-2,44788376500317e-02;1,007637409621012;15222270,00000091;86,13388;3,25;31059646350000;0,000988857600438209;0,979105813507611;4249371,00000115;107,1268553189440;0,14;2,54370e+12;3,93997533233881e-04
2013-08-01;6,1709;-9,87534401813206e-04;-2,74236000567385e-02;1,013617349532773;15771897,92395540;86,56716;3,25;31408590830000;0,005030308631168046;0,985854818065639;4335300,74756268;107,2557215938140;0,12;2,53740e+12;1,20293155704365e-03
2013-09-01;6,1480;-3,71096598551268e-03;-3,04368396152027e-02;1,011768974248906;16265171,50912684;87,25710;3,25;31233034330000;0,007969996936482593;0,984054214832551;4344076,69455592;107,3804604790980;0,11;2,55580e+12;1,16300448526552e-03
2013-10-01;6,1412;-1,10605074821069e-03;-2,52372940541570e-02;1,019381819577256;16777230,00000037;87,34471;3,25;31950938000000;0,001004044370028545;0,998743704519922;4351080,99999942;107,1039253767960;0,12;2,61840e+12;-2,57528325980527e-03
2013-11-01;6,1330;-1,33524392626860e-03;-2,48362271831075e-02;1,000961502261162;15886472,29513217;87,25703;3,25;32482192280000;-0,001003838698416915;1,004400182035166;4303295,96217726;106,8851737287070;0,12;2,60720e+12;-2,04242419051792e-03
2013-12-01;6,1024;-4,98940159791283e-03;-2,97634189773595e-02;0,991979838698942;14995712,26221646;87,51881;3,25;33729105050000;0,003000102112116432;0,997157484299111;4255571,83793330;106,8760017518480;0,14;2,71570e+12;-8,58114978816715e-05
2014-01-01;6,1050;4,26061877294215e-04;-2,77888366908192e-02;0,978557348821156;14075980,00000101;88,39396;3,25;31490055250000;0,009999564665013283;0,978408270827203;4203940,00000005;107,2736069486900;0,12;2,70170e+12;3,72024767323542e-03
2014-02-01;6,1214;2,68632268632274e-03;-2,49287182019464e-02;0,977219108322935;14584146,87251031;88,84220;3,25;31662511390000;0,005070934710923680;0,978940949039737;4272486,56117756;107,6702949478460;0,13;2,70620e+12;3,69790865096697e-03
2014-03-01;6,1521;5,01519260299932e-03;-1,94606483695133e-02;0,983246588330622;15125949,83009000;88,39396;3,25;32768374480000;-0,005045350070124299;0,992871823951197;4348729,70279842;108,3636963983940;0,12;2,77330e+12;6,44004412622690e-03
2014-04-01;6,1580;9,59022122527298e-04;-1,00951646090534e-02;0,984472672961954;15648960,00000000;88,03536;3,25;32448251990000;-0,004056838272660346;0,989750103774497;4360753,99999977;108,7209448970560;0,12;2,80960e+12;3,29675445315747e-03
2014-05-01;6,1687;1,73757713543354e-03;-1,76386821153462e-03;0,984502639958370;15948796,61666583;88,12501;3,25;32783525000000;0,001018340812146468;0,991873104560250;4408648,20587948;109,1006647390230;0,11;2,78220e+12;3,49260984005006e-03
2014-06-01;6,1528;-2,57752849060588e-03;-4,06286925978083e-03;0,992489777743004;16267415,82766243;88,03536;3,25;34148740000000;-0,001017304849100231;1,006963709491870;4493468,65690718;109,3038240264520;0,11;2,82480e+12;1,86212694409305e-03
2014-07-01;6,1675;2,38915615654678e-03;-1,53796341265977e-03;0,996713105315511;16548469,99999989;88,03536;3,25;33134730000000;0,000000000000000000;0,993535265698674;4454942,00000005;109,2611743340570;0,13;2,84120e+12;-3,90193964162511e-04
2014-08-01;6,1647;-4,53992703688733e-04;-1,00471568166716e-03;0,991042168698267;16955578,11889734;88,21466;3,25;33202322510000;0,002036681624292713;0,996786834556471;4525469,05558134;109,0786519945610;0,13;2,79020e+12;-1,67051416579100e-03
2014-09-01;6,1525;-1,97900952195562e-03;7,31945348080743e-04;0,995398447147468;17563054,36345097;88,66290;3,25;32722020790000;0,005081241598618558;0,996474102861791;4529388,46814250;109,1607411874500;0,12;2,83460e+12;7,52568824311295e-04
2014-10-01;6,1461;-1,04022754977651e-03;7,97889663257889e-04;0,998141022543483;18082890,00000051;88,66290;3,25;32961773210000;0,000000000000000000;1,006651232372026;4531052,00000035;108,8864990793630;0,12;2,86500e+12;-2,51227781255225e-03
2014-11-01;6,1354;-1,74094140999981e-03;3,91325615522575e-04;0,974480430660589;17072563,02307824;88,39396;3,25;33511413470000;-0,003033286752406994;1,006868529302402;4494539,77467376;108,2985753626940;0,13;2,86110e+12;-5,39941794106624e-03
2014-12-01;6,1190;-2,67301235453266e-03;2,72024121657055e-03;0,973300817192094;16137381,60914621;88,75256;3,25;34805640890000;0,004056838272660235;0,993938732637552;4439945,85900910;107,6845115119770;0,15;2,99200e+12;-5,67010091001174e-03
2015-01-01;6,1370;2,94165713351857e-03;5,24160524160511e-03;0,956262153206867;15113790,00000050;89,02150;3,25;34810950220000;0,003030222452174991;0,982676191209302;4389973,00000028;107,1777597905120;0,16;2,94110e+12;-4,70589237346952e-03
2015-02-01;6,1475;1,71093368095177e-03;4,26373051916218e-03;0,963319868782511;15696774,06259992;90,09729;3,25;33443920000000;0,012084608774284744;0,985986053439233;4447794,60122688;107,6432376161110;0,15;2,97960e+12;4,34304492376780e-03
2015-03-01;6,1422;-8,62139080927249e-04;-1,60920661237629e-03;0,973123885652829;16228911,23984891;89,55939;3,25;33721050000000;-0,005970212866557967;0,999815625269777;4528512,32797475;108,2839001997200;0,14;3,02390e+12;5,95172161110380e-03
2015-04-01;6,1137;-4,64003125915802e-03;-7,19389412146809e-03;0,973094906397407;16854970,00000023;89,38010;3,25;33638820000000;-0,002001911803999445;0,998770106573753;4556248,00000004;108,5040276443380;0,13;3,03540e+12;2,03287325458357e-03
2015-05-01;6,1196;9,65045716996293e-04;-7,95953766595880e-03;0,976236015753165;17133658,32290004;89,20080;3,25;34308590000000;-0,002006039375655133;0,994035249493248;4587657,11484596;109,0570978489420;0,15;2,97590e+12;5,09723202549583e-03
2015-06-01;6,1136;-9,80456238969918e-04;-6,37108308412437e-03;0,976182172250125;17443665,27794277;89,20080;3,25;35608286000000;0,000000000000000000;1,000579344266659;4641431,37151041;109,4391106851240;0,18;3,02070e+12;3,50286999853178e-03
2015-07-01;6,1172;5,88851086103181e-04;-8,15565464126466e-03;0,973098825595070;17659770,00000018;89,55939;3,25;35312219380000;0,004020031210482333;0,987241219054646;4605088,00000047;109,4464482666110;0,19;3,03840e+12;6,70471592929545e-05
2015-08-01;6,3893;4,44811351598771e-02;3,64332408714132e-02;0,972129870781480;18206860,67062807;90,00764;3,25;36279370000000;0,005005058654374617;0,986069446956568;4664500,10267725;109,2914418576920;0,26;3,02230e+12;-1,41627628282093e-03
2015-09-01;6,3613;-4,38232670245575e-03;3,39374238114587e-02;0,965056672445192;18722669,04137827;90,09729;3,25;36441690000000;0,000996026559523244;0,980714388468550;4640430,34927162;109,1213016869560;0,27;3,01630e+12;-1,55675657530019e-03
2015-10-01;6,3495;-1,85496675207897e-03;3,30941572704642e-02;0,966864317782706;19257290,00000057;89,73869;3,25;37580644970000;-0,003980141911038571;0,991323735360566;4654715,00000019;109,0722316107600;0,25;3,01190e+12;-4,49683750444740e-04
2015-11-01;6,3976;7,57539963776677e-03;4,27355999608827e-02;0,957262774637228;18291117,49285200;89,73869;2,90;38761830000000;0,000000000000000000;0,991839558581373;4594882,89229240;108,8420149915960;0,30;3,05620e+12;-2,11068037908635e-03
2015-12-01;6,4915;1,46773790171315e-02;6,08759601242035e-02;0,953835934477002;17268618,76301789;90,18694;2,90;40095340000000;0,004995058430204535;0,984833585611886;4532135,53359524;108,4700913299600;0,54;3,14110e+12;-3,41709643711319e-03
2016-01-01;6,5763;1,30632365400909e-02;7,15822062897182e-02;0,946738147374272;16240999,99999988;90,63519;2,90;41268563950000;0,004970231831792793;0,978370520433928;4496788,00000003;108,6494034775550;0,57;3,09400e+12;1,65310220906467e-03
2016-02-01;6,5476;-4,36415613642926e-03;6,50833672224482e-02;0,959137121240897;16856813,09757295;92,06957;2,90;39250469630000;0,015825861897569959;0,980160160947280;4560018,28607369;108,7388302519310;0,54;3,09660e+12;8,23076533452705e-04
2016-03-01;6,4673;-1,22640356771947e-02;5,29289179772721e-02;0,969696526485999;17567681,16077935;91,62132;2,90;41158131430000;-0,004868600993792049;0,984878184635259;4616640,94457675;109,2070596705880;0,55;3,17980e+12;4,30600014339100e-03
2016-04-01;6,4846;2,67499574783914e-03;6,06670265142222e-02;0,965028295714438;18140820,00000001;91,44202;2,90;41350484000000;-0,001956968094325662;0,987403658404219;4666051,00000004;109,7248177642850;0,55;3,23450e+12;4,74106797911023e-03
2016-05-01;6,5847;1,54365728032568e-02;7,60016994574808e-02;0,969271206994263;18460872,70264547;91,08343;2,90;42425070190000;-0,003921501296668573;0,977477633348155;4689359,92276404;110,1687414442650;0,57;3,23480e+12;4,04579099810976e-03
2016-06-01;6,6445;9,08165899737279e-03;8,68391782255953e-02;0,967533940520515;18793473,97993951;90,90413;2,90;44364370020000;-0,001968524900742286;0,985722857868398;4763940,75334037;110,5305759313570;0,55;3,24700e+12;3,28436616728589e-03
2016-07-01;6,6532;1,30935360072248e-03;8,76217877460275e-02;0,969738142214625;19101060,00000005;91,08343;2,90;44293443080000;0,001972407634284634;0,967870811985259;4720618,00000056;110,3517223826040;0,62;3,24470e+12;-1,61813640475450e-03
2016-08-01;6,6788;3,84777250045087e-03;4,53101278700325e-02;0,980450191177208;19802901,24808534;91,17308;2,90;45454359870000;0,000984262450370865;0,968036825705901;4782487,03232374;110,4530727268970;0,73;3,31900e+12;9,18430107883728e-04
2016-09-01;6,6704;-1,25771096604177e-03;4,85906968701366e-02;0,977337616873841;20473476,19892514;91,80062;2,90;45434025000000;0,006882952731222858;0,967673769109079;4791516,28896405;110,7186014569680;0,75;3,29640e+12;2,40399586462869e-03
2016-10-01;6,7699;1,49166466778603e-02;6,62099377903771e-02;0,987256919695739;21156619,99999997;91,71098;2,90;46544664750000;-0,000976463993380361;0,983588994827309;4811648,99999989;110,8566397086980;0,72;3,32770e+12;1,24674851301876e-03
2016-11-01;6,8858;1,71198983736836e-02;7,63098661998249e-02;0,980273283662064;20174855,70034542;91,80062;2,90;47540554150000;0,000977418407261510;0,987488547833759;4747849,76333380;110,6842065437470;0,71;3,32850e+12;-1,55546086733382e-03
2016-12-01;6,9498;9,29449011008154e-03;7,06000154047599e-02;0,987136446705862;19174351,28110145;91,97992;2,90;48655723740000;0,001953145850213334;0,984900979893810;4690230,16265246;110,7204358523400;0,87;3,38400e+12;3,27321392313396e-04
2017-01-01;6,8803;-1,00002877780655e-02;4,62266015844777e-02;0,991738140248257;18186770,00000115;92,96606;2,90;47252645000000;0,010721253073496806;0,972258317774913;4647310,99999996;111,3656844243780;0,90;3,38860e+12;5,82772789025610e-03
2017-02-01;6,8692;-1,61330174556340e-03;4,91172337955892e-02;0,997607773534277;18864261,00872254;92,78676;2,90;47652759520000;-0,001928660846764907;0,975732926632327;4732253,33912130;111,7160539403960;0,87;3,35800e+12;3,14611738641912e-03
2017-03-01;6,8910;3,17358644383625e-03;6,55142022173087e-02;1,009966034669531;19604761,25409599;92,51781;2,90;48877010000000;-0,002898581651089027;0,984341113772171;4808475,52042182;111,8068565113010;0,98;3,47730e+12;8,12797871946547e-04
2017-04-01;6,8977;9,72282687563553e-04;6,37047774727817e-02;1,001403052265145;20195029,99999960;92,51781;2,90;49018041970000;0,000000000000000000;0,984069357120431;4857935,99999982;112,1384234747580;1,03;3,48910e+12;2,96553336533067e-03
2017-05-01;6,8289;-9,97433927251123e-03;3,70859720260603e-02;1,004829043535411;20558368,73562023;92,60746;2,90;49638978000000;0,000969002616901582;0,978676188264694;4900194,80601061;112,2342706329350;1,05;3,51710e+12;8,54721826890836e-04
2017-06-01;6,7820;-6,86787037443803e-03;2,06938069079690e-02;1,006921946325528;20990627,52606297;92,42816;2,90;51022816600000;-0,001936129119619490;0,986622873688400;4966935,66819565;112,3360795760710;1,16;3,52770e+12;9,07111014860851e-04
2017-07-01;6,7265;-8,18342671778238e-03;1,10172548548066e-02;1,015079048501360;21278929,99999987;92,33852;2,90;51048457750000;-0,000969834301580819;0,970268410021535;4920944,00000007;112,2585763716120;1,22;3,54820e+12;-6,89922638848373e-04
2017-08-01;6,5957;-1,94454768453133e-02;-1,24423549140564e-02;1,018004360718604;22012641,40559936;92,78676;2,90;51811392980000;0,004854312154884077;0,974388248081004;4989840,57521924;112,5947293234980;1,25;3,58860e+12;2,99445229710771e-03
2017-09-01;6,6481;7,94456994708681e-03;-3,34312784840485e-03;1,022394756949346;22809026,70114681;93,32465;2,90;51786303730000;0,005797055528180994;0,977979934478398;5001609,91927771;113,1909078193400;1,25;3,54220e+12;5,29490589323323e-03
2017-10-01;6,6285;-2,94821076698615e-03;-2,08865714412325e-02;1,031140680140612;23542870,00000054;93,41431;2,90;52597719040000;0,000960732239552842;0,995851233041422;5050987,00000108;113,1193663998390;1,26;3,60160e+12;-6,32042103727914e-04
2017-11-01;6,6073;-3,19831032661977e-03;-4,04455546196519e-02;1,021764679610038;22415853,68735653;93,41431;2,90;53556504950000;0,000000000000000000;1,007579917271513;5009305,93369087;113,1221179928960;1,32;3,60330e+12;2,43246859010782e-05
2017-12-01;6,5116;-1,44839798404796e-02;-6,30521741632853e-02;1,028445437746915;21301425,85412145;93,68325;2,90;54379014520000;0,002879002157164079;1,010844741981526;4969297,25520945;113,0556211606680;1,54;3,65270e+12;-5,87832277257894e-04
2018-01-01;6,2960;-3,31101419006080e-02;-8,49236225164600e-02;1,027701077750362;20203570,00000090;94,31080;2,90;54324712570000;0,006698636095566757;0,996929914449748;4923798,00000025;113,6715194067570;1,63;3,65190e+12;5,44774545277793e-03
2018-02-01;6,3315;5,63850063532390e-03;-7,82769463693006e-02;1,038639736729953;20965129,86600636;95,47623;2,90;51703599280000;0,012357333412504223;0,998861766560095;5018239,11974720;114,1869845062380;1,78;3,56610e+12;4,53468997486062e-03
2018-03-01;6,2754;-8,86045960672821e-03;-8,93339138006094e-02;1,035316010284737;21611772,94704736;94,40044;2,90;52354007460000;-0,011267621270760197;1,005762457329160;5083613,43785069;114,4451756548220;2,08;3,68840e+12;2,26112590415140e-03
2018-04-01;6,3407;1,04057111897249e-02;-8,07515548661148e-02;1,034506775426329;22396219,99999974;94,22115;2,90;52544777030000;-0,001899249622141719;1,005288385515297;5135596,99999988;114,9001057070330;2,20;3,69810e+12;3,97509156334497e-03
2018-05-01;6,4020;9,66770230416203e-03;-6,25137284189254e-02;1,036190266857155;22754901,21236151;94,04185;2,90;52627671550000;-0,001902969768464935;0,997576349709699;5143646,28548138;115,3779657013930;2,16;3,65570e+12;4,15891692544146e-03
2018-06-01;6,6248;3,48016244923461e-02;-2,31790032438809e-02;1,035402837952611;23076084,46551823;94,04185;2,90;54394471230000;0,000000000000000000;1,005656020097794;5221071,75897504;115,5618638374180;2,19;3,65660e+12;1,59387570154390e-03
2018-07-01;6,8309;3,11103731433402e-02;1,55207017022225e-02;1,038062342862137;23447430,00000079;94,31080;2,90;53662429390000;0,002859896950134555;0,994792241287622;5187828,99999971;115,5696600177480;2,17;3,68070e+12;6,74632622832405e-05
2018-08-01;6,8314;7,31967969083147e-05;3,57354033688615e-02;1,040441457249794;24266844,00133996;94,93834;2,90;53832464430000;0,006653956916917281;1,001939042362572;5265243,98744809;115,6338638557610;2,19;3,69090e+12;5,55542328350977e-04
2018-09-01;6,8814;7,31914395292321e-03;3,50927332621349e-02;1,038059160333184;25061298,12120689;95,56588;2,90;53857408250000;0,006609974431825982;1,002307295451716;5275273,90451025;115,7682333167470;2,24;3,67570e+12;1,16202517589148e-03
2018-10-01;6,9717;1,31223297584795e-02;5,17764200045259e-02;1,041842510685270;25880890,00000075;95,74518;2,90;54012840000000;0,001876192632768170;1,015548472304822;5285745,00000003;115,9727684007050;2,37;3,72220e+12;1,76676345572613e-03
2018-11-01;6,9433;-4,07361188806177e-03;5,08528445809937e-02;1,021606751713134;24472876,54361070;95,38658;2,90;54349866090000;-0,003745358251976860;1,024616945406554;5224716,15159893;115,5843351807220;2,56;3,68000e+12;-3,34934851810120e-03
2018-12-01;6,8530;-1,30053432805727e-02;5,24295104121875e-02;1,017571396567056;23115039,86381702;95,47623;2,90;55168600000000;0,000939859674180754;1,023064870954621;5180218,84045669;115,2151631121430;2,69;3,80070e+12;-3,19396281513207e-03
2019-01-01;6,7064;-2,13920910550123e-02;6,51842439644219e-02;1,001964386058450;21716829,99999959;95,92448;2,90;54563800000000;0,004694885837029927;1,007993218112138;5120261,00000005;115,4348319579190;2,59;3,74850e+12;1,90659666525139e-03
2019-02-01;6,6883;-2,69891446976034e-03;5,63531548606175e-02;1,008255781805773;22523561,41472637;96,91061;2,90;52719050000000;0,010280274649390853;1,010996133617091;5213173,32299069;115,9227811268230;2,49;3,70510e+12;4,22705314009453e-03
2019-03-01;6,7211;4,90408624015060e-03;7,10233610606494e-02;1,021222118072701;23534099,85356940;96,55202;2,90;54757554230000;-0,003700214042611116;1,018729574417075;5306091,05769102;116,5767430768770;2,48;3,75730e+12;5,64135835680601e-03
2019-04-01;6,7411;2,97570338188691e-03;6,31476019997792e-02;1,012639664212420;24150260,00000033;96,64167;2,90;54061460000000;0,000928515011907605;1,017785980338393;5352103,00000006;117,1940171194950;2,47;3,82380e+12;5,29500161289409e-03
2019-05-01;6,9035;2,40910237201644e-02;7,83348953452045e-02;1,011111134927196;24455772,42920713;96,64167;2,90;54435564000000;0,000000000000000000;1,010105957391430;5378204,17619452;117,4434948900620;2,44;3,79130e+12;2,12875858937944e-03
2019-06-01;6,8668;-5,31614398493530e-03;3,65294046612727e-02;1,010241410050359;24867812,31503614;96,55202;2,90;56769620000000;-0,000927653671547790;1,018681217993485;5450654,15885158;117,4668834310530;2,30;3,83130e+12;1,99147181484172e-04
2019-07-01;6,8834;2,41742878779050e-03;7,68566367535750e-03;1,007105015689613;25104629,99999972;96,91061;2,90;55304310000000;0,003713956476519176;1,003317859502935;5397763,99999988;117,6631637358380;2,22;3,86350e+12;1,67094162245474e-03
2019-08-01;7,1401;3,72926170206584e-02;4,51883947653482e-02;1,007630860514957;25939956,63641350;97,62781;2,90;55679809000000;0,007400634460973832;1,007932825894035;5492296,11502657;117,6572019508790;2,06;3,85070e+12;-5,06682360877919e-05
2019-09-01;7,1292;-1,52658926345572e-03;3,60101142209435e-02;1,007302358853562;26888087,28563216;98,43465;2,90;55713800000000;0,008264448418949577;1,006532577731519;5496734,82497067;117,7493803183130;2,03;3,87800e+12;7,83448576930246e-04
2019-10-01;7,0378;-1,28205128205129e-02;9,48118823242527e-03;1,008282467738284;27679799,99999908;99,33114;2,90;55814390000000;0,009107463682757944;1,019173373414650;5511056,00000055;118,0185778391280;1,88;3,92490e+12;2,28619055223289e-03
2019-11-01;7,0291;-1,23618176134588e-03;1,23572364725706e-02;0,964808679698283;25558792,83300943;99,68974;2,90;56248652000000;0,003610146828074257;1,022862708962887;5431016,50744022;117,9552911988000;1,77;3,92610e+12;-5,36243034670925e-04
2019-12-01;6,9870;-5,98938697699558e-03;1,95534802276376e-02;0,930478244395099;23387794,06636670;99,68974;2,90;57600900000000;0,000000000000000000;1,012009810554652;5341158,41029695;117,8479790695490;1,76;4,04330e+12;-9,09769525049398e-04
2020-01-01;6,9307;-8,05782166881353e-03;3,34456638434928e-02;0,855802336085989;20524480,00000039;101,12410;2,90;54553178660000;0,014388240956391352;0,989118663030200;5254152,00000007;118,3052021159750;1,65;3,98350e+12;3,87976993781258e-03
2020-02-01;7,0006;1,00855613430102e-02;4,66934796585081e-02;0,855723283008012;21178879,49855876;101,93100;2,90;55270072910000;0,007979304636580142;0,979331772544146;5299361,42110831;118,6294314979440;1,59;3,94140e+12;2,74061813149307e-03
2020-03-01;7,0927;1,31560151986971e-02;5,52885688354585e-02;0,916513758917989;23238448,82987000;100,67590;2,90;57505030000000;-0,012313231499740063;0,958407006664186;5234000,04392619;118,3712403493610;1,35;4,28570e+12;-2,17645103177844e-03
2020-05-01;7,1463;1,30416908835747e-02;3,51705656551025e-02;0,951327716838505;25380793,45882433;98,97254;2,90;58111105730000;-0,008086339273070453;0,911756295487942;5072219,97673732;117,5819917406350;0,17;1,61663e+13;1,95016166859574e-05
2020-06-01;7,0681;-1,09427256062578e-02;2,93149647579660e-02;0,957095536737288;25920652,90238275;98,97254;2,90;60431796850000;0,000000000000000000;0,945904667346352;5287909,00773178;118,2254059173010;0,20;1,65399e+13;5,47204692777492e-03
2020-07-01;6,9855;-1,16863089090421e-02;1,48327861231368e-02;0,965281887305865;26435570,00000055;98,61395;2,90;59119263680000;-0,003623126172168534;0,951927969233916;5349433,00000007;118,8234188085140;0,18;1,67418e+13;5,05824350166595e-03
2020-08-01;6,8561;-1,85240856058980e-02;-3,97753532863686e-02;0,972018954275338;27483813,49254021;99,95869;2,90;60128909740000;0,013636407425115848;0,959557641127999;5463660,97302971;119,1980940632090;0,15;1,68651e+13;3,15321052408701e-03
2020-09-01;6,8086;-6,92813698750006e-03;-4,49699826067440e-02;0,973640232117764;28563480,52963294;100,13800;2,90;60231212000000;0,001793841035731880;0,955036198965699;5470088,62175006;119,3641068443580;0,13;1,71325e+13;1,39274694326041e-03
2020-10-01;6,6983;-1,62000998736892e-02;-4,82395066640143e-02;0,980543421790209;29561880,00000023;99,86903;2,90;60918241000000;-0,002685993329205827;0,974925510655112;5539370,00000007;119,4136355193980;0,12;1,73172e+13;4,14937759343204e-04
2020-11-01;6,5847;-1,69595270441754e-02;-6,32228877096641e-02;0,968987602854796;27976794,76985481;99,24149;2,90;61863217000000;-0,006283629669778468;0,983090672580106;5493978,31743622;119,3407183033680;0,16;1,76372e+13;-6,10627217845217e-04
2020-12-01;6,5349;-7,56298692423341e-03;-6,47058823529412e-02;0,964892367781302;26404353,64711424;99,95869;2,90;62558099000000;0,007226816122974489;0,981833712573819;5456027,71015889;119,4530750198920;0,17;1,79439e+13;9,41478467042289e-04
2021-01-01;6,4614;-1,12473029426617e-02;-6,77132180010677e-02;0,961923925627248;24920019,99999982;100,90000;2,90;62556381000000;0,009416990158634508;0,974260004402929;5444405,99999968;119,9612025378860;0,14;1,80805e+13;4,25378348702510e-03
2021-02-01;6,4664;7,73826105797459e-04;-7,63077450504243e-02;0,983381274618852;26152240,66058353;101,50000;2,90;59348746000000;0,005946481665014769;0,969968747169393;5507818,99199786;120,6179160809980;0,11;1,82579e+13;5,47438279392543e-03
2021-03-01;6,5603;1,45212173697884e-02;-7,50630930393221e-02;0,995892519833094;27448990,47568243;101,00000;2,90;61611317000000;-0,004926108374384230;0,992275011636751;5690877,71421664;121,4722857254230;0,10;1,87163e+13;7,08327313374646e-03
2021-04-01;6,4754;-1,29414813346951e-02;-8,20634223097969e-02;0,993433033014891;28284919,99999991;100,70000;2,90;60542189000000;-0,002970297029702973;1,003170513066630;5784816,00000022;122,4706554065360;0,11;1,90788e+13;8,21890915405765e-03
2021-05-01;6,3764;-1,52886308181733e-02;-1,07734072177211e-01;0,993165811371734;28574437,06448200;100,60000;2,90;61682832000000;-0,000993048659384432;1,000995576871068;5833578,34689256;123,4525155293030;0,10;1,91602e+13;8,01710515476350e-03
2021-06-01;6,4589;1,29383351107206e-02;-8,61900652226200e-02;0,991183080012018;28895386,67031667;100,20000;2,90;63747936000000;-0,003976143141153021;1,002959295768175;5891896,71332418;124,5994712355340;0,09;1,93010e+13;9,29066290235903e-03
2021-07-01;6,4568;-3,25132762544644e-04;-7,56853482213156e-02;0,990800854903676;29128809,99999939;100,50000;2,90;62036705000000;0,002994011976047872;0,995722000182960;5883176,99999934;125,1988599232760;0,10;1,94434e+13;4,81052352629141e-03
2021-08-01;6,4600;4,95601536364632e-04;-5,77733696999752e-02;0,996965497223050;30274021,63001688;100,60000;2,90;62665869000000;0,000995024875621864;1,005135961658099;6015133,84821481;125,4575096707030;0,10;1,96539e+13;2,06591136361389e-03
2021-09-01;6,4634;5,26315789473708e-04;-5,07005845548277e-02;0,995859994699645;31350506,34749208;100,60000;2,90;62464568000000;0,000000000000000000;1,013604292672074;6068207,22199679;125,7982486110190;0,10;1,98383e+13;2,71597085906117e-03
2021-10-01;6,3904;-1,12943651947892e-02;-4,59668871206127e-02;1,009505042339014;32589940,00000018;101,30000;2,90;62608212000000;0,006958250497017815;1,047240105327187;6203368,99999995;126,8433953741130;0,11;2,00115e+13;8,30811855199753e-03
2021-11-01;6,3716;-2,94191286930390e-03;-3,23629018785974e-02;1,007812749296246;30786239,63830696;101,70000;2,90;63748204000000;0,003948667324777944;1,056934623939828;6144645,75719766;127,4666312016890;0,14;2,02566e+13;4,91342750434764e-03
2021-12-01;6,3704;-1,88335739845558e-04;-2,51725351573858e-02;1,031445504378214;28995213,80031585;101,40000;2,90;64744335000000;-0,002949852507374562;1,055724277428752;6071348,12641842;127,8582746135730;0,17;2,05778e+13;3,07251716148604e-03
2022-01-01;6,3642;-9,73251287203269e-04;-1,50431794967035e-02;1,072989575711711;27150919,99999969;101,90000;2,90;61385935000000;0,004930966469427922;1,041406973608438;6010732,99999982;128,9341474991460;0,22;2,05416e+13;8,41457378354771e-03
2022-02-01;6,3109;-8,37497250243546e-03;-2,40473833972535e-02;1,079515577574137;28039737,18103676;102,50000;2,90;62161211000000;0,005888125613346284;1,050696167289796;6155651,27672605;130,1118293278550;0,38;2,05212e+13;9,13397925647885e-03
2022-03-01;6,3427;5,03890094915138e-03;-3,31692148224929e-02;1,058461707842814;28996539,72675022;102,50000;2,90;64506380000000;0,000000000000000000;1,077320237095510;6291158,24179859;131,8490017449690;0,73;2,08026e+13;1,33513795485627e-02
2022-04-01;6,5866;3,84536553833541e-02;1,71726843129383e-02;1,004602364235117;29391949,99999990;102,90000;2,90;63613901000000;0,003902439024390247;1,109197891295401;6352982,00000053;132,5850528879120;0,91;2,08208e+13;5,58253102565565e-03
2022-05-01;6,6612;1,13260255670604e-02;4,46647010852519e-02;0,996487370871374;29989075,43620931;102,70000;2,90;64510752000000;-0,001943634596695887;1,093881259289185;6400356,40618391;134,0466074004090;1,33;2,05433e+13;1,10235239995913e-02
2022-06-01;6,6948;5,04413619167710e-03;3,65232469925219e-02;1,003949460723718;30561302,23515271;102,70000;2,90;67437481000000;0,000000000000000000;1,091819782753881;6457841,77636657;135,8878817548740;1,87;2,05411e+13;1,37360757588214e-02
2022-07-01;6,7286;5,04869450917145e-03;4,20951554949820e-02;1,005228736614724;30927060,00000136;103,20000;2,90;66183233000000;0,004868549172346581;1,077600240126074;6439153,99999952;135,8718307953710;2,50;2,04832e+13;-1,18119138334483e-04
2022-08-01;6,8934;2,44924650001486e-02;6,70897832817337e-02;0,988783894331265;31801471,63018186;103,10000;2,90;66460485000000;-0,000968992248062128;1,074923055425774;6540365,90657694;135,8236779168610;2,76;2,03950e+13;-3,54399276348505e-04
2022-09-01;7,0958;2,93614181681028e-02;9,78432403997895e-02;0,981591311501490;32782485,45694516;103,40000;2,90;66453517000000;0,002909796314258140;1,069399115867450;6585086,32714239;136,1158053798230;3,21;2,02470e+13;2,15078451299799e-03
2022-10-01;7,2929;2,77769948420192e-02;1,41227466199299e-01;0,978696586759189;33550789,99999971;103,50000;2,90;66214099000000;0,000967117988394550;1,090554414347628;6655020,00000031;136,6679583867410;3,85;2,00583e+13;4,05649443411238e-03
2022-11-01;7,1418;-2,07187812804235e-02;1,20880155690878e-01;1,008154117533599;33319149,71067482;103,30000;2,90;66704261000000;-0,001932367149758529;1,093704972293099;6583022,13110797;136,5299201350110;4,46;1,99651e+13;-1,01002644189196e-03
2022-12-01;6,9860;-2,18152286538408e-02;9,66344342584453e-02;1,083434894289485;33206650,57618443;103,20000;2,90;67167476000000;-0,000968054211035740;1,080288881511300;6489684,21106844;136,1107607925510;4,51;1,98798e+13;-3,07009146453396e-03
