date;in_exchange;in_exchange_rate_h1;in_exchange_rate_h12;in_gap;in_gdp;in_inflation;in_interest;in_m1;in_inflation_rate;us_gap;us_gdp;us_inflation;us_interest;us_m1;us_inflation_rate
2007-03-01;43,5950;-0,015914221218961577;-2,26432014348167e-02;0,928989790301764;12515248,1696484;60,5461079931588;6,0000;9,679250e+12;-0,007812499999999223;1,045765047094647;3603602,27666693;94,1741895985196;5,30;1,37840e+12;9,10569585108489e-03
2007-04-01;41,2950;-0,052758343846771361;-8,20273424474824e-02;0,887687171571409;11068200,0000028;61,0228490009789;6,0000;9,327990e+12;0,007874015748030816;1,032170301744739;3613882,00000080;94,7859604550218;5,31;1,39230e+12;6,49616268650965e-03
2007-05-01;40,7350;-0,013560963797069947;-1,22657764376481e-01;0,904232160886037;11623188,4465554;61,4995900087990;6,0000;9,228820e+12;0,007812499999999112;1,028097201647050;3645033,10369309;95,3651707936741;5,31;1,38560e+12;6,11071867470447e-03
2007-06-01;40,7550;0,000490978274211518;-9,60408117999334e-02;0,863852835221012;11553650,0541306;61,9763310166191;6,0000;9,410020e+12;0,007751937984495472;1,044052700643539;3718930,18081070;95,5499861273850;5,33;1,37080e+12;1,93797517660577e-03
2007-07-01;40,4250;-0,008097165991903021;-1,30551672222820e-01;0,828148897504754;11307200,0000002;62,9298130322595;6,0000;9,464090e+12;0,015384615384617106;1,011948087380308;3637993,00000055;95,5256803887084;5,32;1,36860e+12;-2,54377207801970e-04
2007-08-01;40,9550;0,013110698824984501;-1,20098829090128e-01;0,803388571040176;11548588,5686208;63,4065540400796;6,0000;9,319340e+12;0,007575757575756681;1,014234776746261;3719913,13536715;95,3504956306995;5,49;1,37280e+12;-1,83390222708746e-03
2007-09-01;39,7350;-0,029788792577218892;-1,35349798716135e-01;0,827359163885307;12029287,6709223;63,4065540400796;6,0000;9,835110e+12;0,000000000000000000;1,021965821685632;3749110,92831616;95,6132727677128;5,46;1,35630e+12;2,75590740535914e-03
2007-10-01;39,3200;-0,010444192777148587;-1,26707384786230e-01;0,872587329331315;12985899,9999960;63,8832950478997;6,0000;9,681950e+12;0,007518796992480592;1,032059838797354;3740349,99999999;95,8178078516708;5,08;1,36940e+12;2,13919132812146e-03
2007-11-01;39,6750;0,009028484231943024;-1,13605898123324e-01;0,850603578549514;12590979,4091581;63,8832950478997;6,0000;1,012568e+13;0,000000000000000000;1,041075265232106;3720649,50074647;96,3869290157781;4,97;1,37050e+12;5,93961787341568e-03
2007-12-01;39,4150;-0,006553245116572071;-1,09164877387275e-01;0,896158514815151;13635934,1806034;63,8832950478997;6,0000;1,023956e+13;0,000000000000000000;1,032612997308350;3689535,21837618;96,3222665789214;5,02;1,39490e+12;-6,70863129648036e-04
2008-01-01;39,3950;-0,000507421032601707;-1,08205998868138e-01;0,875520585533140;13639299,9999984;63,8832950478997;6,0000;1,052809e+13;0,000000000000000000;1,018362388709211;3657486,99999948;96,8010437709666;3,84;1,37590e+12;4,97057647260535e-03
2008-02-01;39,9250;0,013453483944662947;-9,87584650112867e-02;0,901423658707614;13527071,4099200;64,3600360557199;6,0000;1,068468e+13;0,007462686567164978;1,012049268764609;3679921,99451173;97,0821648616980;3,06;1,36590e+12;2,90411218495268e-03
2008-03-01;39,9850;0,001502817783343824;-8,28076614290629e-02;0,986447973405886;14624582,9329800;65,3135180713602;6,0000;1,155810e+13;0,014814814814815058;1,010463024310964;3717458,96586287;97,9236937385207;2,79;1,40110e+12;8,66821293099029e-03
2008-04-01;40,4600;0,011879454795548305;-2,02203656617024e-02;0,938489395335297;13102000,0000024;65,7902590791803;6,0000;1,109212e+13;0,007299270072991915;0,996526420405939;3715835,00000026;98,5175792401476;2,85;1,40660e+12;6,06477838971964e-03
2008-05-01;42,5850;0,052521008403361380;4,54154903645514e-02;0,944148398048235;13459269,4945169;66,2670000870005;6,0000;1,114093e+13;0,007246376811594901;0,979019282024030;3722441,48186117;99,3471845470534;2,66;1,39650e+12;8,42088603175628e-03
2008-06-01;42,9500;0,008571093107901939;5,38584222794749e-02;0,959778759780449;13897128,1764231;66,7437410948206;6,0000;1,108141e+13;0,007194244604316058;0,992605654974208;3779921,93023599;100,3483058212240;2,76;1,40730e+12;1,00769969348899e-02
2008-07-01;42,4850;-0,010826542491269020;5,09585652442797e-02;0,889183929136349;13423399,9999986;68,1739641182810;6,0000;1,106310e+13;0,021428571428570908;0,969364238141794;3698181,99999967;100,8752358917800;2,79;1,41770e+12;5,25101112812743e-03
2008-08-01;43,7850;0,030599034953513016;6,91002319619094e-02;0,869781131668467;13515561,9710539;69,1274461339214;6,0000;1,113439e+13;0,013986013986015289;0,969936445503995;3750545,27005294;100,4725861076650;2,79;1,40130e+12;-3,99156225564579e-03
2008-09-01;46,9350;0,071942446043165686;1,81200453001133e-01;0,925913861089793;14503140,9454151;69,6041871417415;6,0000;1,143391e+13;0,006896551724137279;0,955337298467434;3708031,55291650;100,3336306582500;3,59;1,44150e+12;-1,38301854066036e-03
2008-10-01;49,2450;0,049217002237136320;2,52416073245168e-01;0,907783414369588;14397200,0000022;70,5576691573818;6,0000;1,132167e+13;0,013698630136986134;0,964972297380650;3698359,99999980;99,3201272153190;4,32;1,46260e+12;-1,01013332845806e-02
2008-11-01;49,8400;0,012082444918265933;2,56206679269061e-01;0,845050520752390;13900338,8021419;70,5576691573818;6,0000;1,118229e+13;0,000000000000000000;0,965172826182976;3647389,99154491;97,4178592147412;2,36;1,51370e+12;-1,91528953285957e-02
2008-12-01;48,4550;-0,027788924558587613;2,29354306736014e-01;0,903430307382842;14722936,6838186;70,0809281495616;6,0000;1,128675e+13;-0,006756756756757465;0,943544823612057;3582498,75756446;96,4103175567688;1,77;1,63230e+12;-1,03424738142874e-02
2009-01-01;49,0250;0,011763491899700718;2,44447264881330e-01;0,844012789948719;14395599,9999990;70,5576691573818;6,0000;1,155722e+13;0,006802721088436048;0,926143193869368;3522116,99999997;96,8299354980727;1,02;1,58070e+12;4,35241737542058e-03
2009-02-01;50,7250;0,034676185619581856;2,70507201001879e-01;0,836824968650029;13963116,9406038;70,5576691573818;6,0000;1,186231e+13;0,000000000000000000;0,921806477769217;3567974,79561510;97,3114642831756;1,16;1,55200e+12;4,97293303590474e-03
2009-03-01;50,9450;0,004337111877772193;2,74102788545705e-01;0,937672041211561;15143521,3693711;70,5576691573818;6,0000;1,259671e+13;0,000000000000000000;0,920006407185260;3597596,41827686;97,5481012861404;1,07;1,59490e+12;2,43174845541505e-03
2009-04-01;50,2250;-0,014132888409068567;2,41349480968858e-01;0,931362237037051;14076499,9999968;71,5111511730221;6,0000;1,255734e+13;0,013513513513513598;0,913029303942293;3598009,99999999;97,7916172717496;0,89;1,62770e+12;2,49636827778832e-03
2009-05-01;47,2900;-0,058437033349925338;1,10484912527885e-01;0,930073045221814;14443542,4060906;71,9878921808422;6,0000;1,264917e+13;0,006666666666665932;0,907176396724025;3608961,48266209;98,0741141590100;0,57;1,61790e+12;2,88876383417791e-03
2009-06-01;47,8800;0,012476210615352201;1,14784633294529e-01;0,924803616287754;14605291,7410499;72,9413741964825;6,0000;1,247721e+13;0,013245033112582849;0,916801182090773;3647794,55172599;98,9165602335185;0,39;1,66170e+12;8,58989226395268e-03
2009-07-01;48,1550;0,005743525480367495;1,33458867835707e-01;0,909570552679593;14715100,0000069;76,2785612512235;6,0000;1,266324e+13;0,045751633986927720;0,903902342323483;3623204,00000011;98,7597194292279;0,35;1,65760e+12;-1,58558692215272e-03
2009-08-01;48,8850;0,015159381164987940;1,16478245974649e-01;0,898286493589751;15533184,5970288;77,2320432668639;6,0000;1,280116e+13;0,012500000000001510;0,909631578644838;3701241,60312921;98,9812226703752;0,30;1,65130e+12;2,24285004481040e-03
2009-09-01;48,0400;-0,017285465889332108;2,35431980398422e-02;0,894513303081739;16399949,4062087;77,7087842746840;6,0000;1,311294e+13;0,006172839506172423;0,914055749519422;3720368,91948229;99,0431335141741;0,25;1,64100e+12;6,25480693495550e-04
2009-10-01;46,9600;-0,022481265611989931;-4,64006498121636e-02;0,870161495301252;16708099,9999966;78,6622662903244;6,0000;1,312408e+13;0,012269938650308010;0,927978932429979;3734738,00000003;99,1385220735088;0,24;1,66430e+12;9,63101185818660e-04
2009-11-01;46,4800;-0,010221465076661107;-6,74157303370788e-02;0,912051517954642;16756773,6538847;80,0924893137847;6,0000;1,309467e+13;0,018181818181816300;0,926966944863368;3695789,05661781;99,2086876964809;0,21;1,68310e+12;7,07753368766939e-04
2009-12-01;46,6800;0,004302925989672968;-3,66319265297699e-02;0,975449169408812;18044991,3029923;80,5692303216049;6,0000;1,330955e+13;0,005952380952381819;0,916834092208239;3635355,34086868;99,0339615373150;0,22;1,72440e+12;-1,76119816946330e-03
2010-01-01;46,3750;-0,006533847472150800;-5,40540540540541e-02;0,959353205955749;18148199,9999975;81,9994533450653;6,0000;1,373622e+13;0,017751479289940253;0,906016303418974;3602418,00000021;99,3724074834159;0,20;1,67420e+12;3,41747357014888e-03
2010-02-01;46,2350;-0,003018867924528323;-8,85165105963529e-02;0,948004157581720;17530640,2918141;81,0459713294250;6,0000;1,396381e+13;-0,011627906976744318;0,904119290078228;3644017,90531558;99,3971718209355;0,19;1,68520e+12;2,49207382076788e-04
2010-03-01;45,1350;-0,023791499945928440;-1,14044557856512e-01;1,030340178069546;18802237,5116263;81,0459713294250;6,0000;1,489268e+13;0,000000000000000000;0,918445199077189;3725905,15924388;99,8053247911655;0,23;1,72950e+12;4,10628353657083e-03
2010-04-01;44,4450;-0,015287470920571589;-1,15082130413141e-01;0,967904686213451;17137399,9999980;81,0459713294250;6,0000;1,455696e+13;0,000000000000000000;0,919912838498581;3755369,99999968;99,9786751538026;0,30;1,71600e+12;1,73688491069801e-03
2010-05-01;46,4400;0,044886938913263563;-1,79742017339819e-02;0,956237811900199;16950536,2478255;81,9994533450653;6,0000;1,473774e+13;0,011764705882353121;0,922966557874507;3798122,31138881;100,0561783582620;0,45;1,70820e+12;7,75197354237589e-04
2010-06-01;46,6000;0,003445305770887197;-2,67335004177109e-02;0,972210146485708;17054123,3952303;82,9529353607056;6,0000;1,486650e+13;0,011627906976744207;0,936922599355311;3848598,05290747;99,9584968047126;0,52;1,73230e+12;-9,76267084673688e-04
2010-07-01;46,4600;-0,003004291845493556;-3,51988370885682e-02;1,005788987784400;17558000,0000050;84,8598993919862;6,0000;1,512654e+13;0,022988505747126631;0,917787229043683;3793867,00000031;99,9795923514885;0,41;1,71840e+12;2,11043057371407e-04
2010-08-01;47,0800;0,013344812742143830;-3,69233916334254e-02;0,943981557144544;17759654,7894654;84,8598993919862;6,0000;1,504861e+13;0,000000000000000000;0,923008511403936;3869283,14359932;100,1176306032180;0,32;1,73960e+12;1,38066427840799e-03
2010-09-01;44,9200;-0,045879354290569219;-6,49458784346377e-02;0,965202065570055;19027640,7547271;85,3366403998064;6,0000;1,519831e+13;0,005617977528090456;0,930946330993315;3881913,82121530;100,1758726562730;0,28;1,74140e+12;5,81736230712560e-04
2010-10-01;44,5400;-0,008459483526269018;-5,15332197614992e-02;1,027617563632670;20094699,9999951;86,2901224154467;6,0000;1,574408e+13;0,011173184357541999;0,941679656084572;3897314,99999988;100,3006115415570;0,27;1,76740e+12;1,24519888847896e-03
2010-11-01;46,0400;0,033677593174674447;-9,46643717728046e-03;0,975345906906495;19625426,8791344;86,7668634232668;6,0000;1,586046e+13;0,005524861878452469;0,943570678985300;3842714,47041177;100,3428026351090;0,27;1,82870e+12;4,20646423820781e-04
2010-12-01;44,8100;-0,026715899218071160;-4,00599828620394e-02;1,014560237151840;21482018,1225623;88,1970864467272;6,0000;1,591773e+13;0,016483516483515981;0,942254315039530;3801498,51144706;100,5152358000600;0,30;1,87140e+12;1,71844078920191e-03
2011-01-01;45,9500;0,025440749832626564;-9,16442048517518e-03;0,998498533396364;21692700,0000007;89,6273094701877;6,0000;1,566507e+13;0,016216216216216939;0,938056762637267;3764834,99999990;100,9940129921050;0,29;1,85560e+12;4,76323005397283e-03
2011-02-01;45,1800;-0,016757344940152352;-2,28182113117767e-02;1,003111379814766;20992730,7256167;88,1970864467272;6,0000;1,587773e+13;-0,015957446808511300;0,938172731440698;3811315,83940353;101,4920513355540;0,28;1,85870e+12;4,93136502544878e-03
2011-03-01;44,6500;-0,011730854360336496;-1,07455411543148e-02;1,107838172712231;22912259,3071297;88,1970864467272;6,0000;1,638345e+13;0,000000000000000000;0,957257533149038;3890195,52830748;102,4817076386520;0,28;1,90940e+12;9,75107203051784e-03
2011-04-01;44,3800;-0,006047032474803982;-1,46248171897845e-03;0,995380462840438;20434999,9999990;88,6738274545474;6,0000;1,613644e+13;0,005405405405406016;0,953889331355364;3893028,00000026;103,1416313736640;0,23;1,91800e+12;6,43942953545307e-03
2011-05-01;45,0300;0,014646237043713262;-3,03617571059431e-02;0,988961985126269;20231132,7403436;89,1505684623675;6,0000;1,606481e+13;0,005376344086020834;0,949860273175180;3915464,89087373;103,6268289495110;0,21;1,93420e+12;4,70418752723822e-03
2011-06-01;44,7200;-0,006884299355985002;-4,03433476394850e-02;1,035486548066630;20884964,3681862;90,1040504780078;6,0000;1,592367e+13;0,010695187165775444;0,966274375890298;3971790,87648217;103,5158480295150;0,22;1,95410e+12;-1,07096705670751e-03
2011-07-01;44,1553;-0,012627459749552816;-4,96061127851917e-02;0,960626345908493;20294700,0000004;92,0110145092884;6,0000;1,581664e+13;0,021164021164021163;0,950705633135925;3927582,99999917;103,6075677981060;0,24;1,99450e+12;8,86045666793400e-04
2011-08-01;46,0190;0,042207843679014756;-2,25361087510620e-02;0,948109952425995;20868410,1652599;92,4877555171086;6,0000;1,584324e+13;0,005181347150259530;0,959772105121701;3991340,64496298;103,8932748772670;0,29;2,10190e+12;2,75758890236411e-03
2011-09-01;48,9253;0,063154349290510448;8,91651825467497e-02;1,041768774813169;22323001,6328784;93,9179785405690;6,0000;1,582812e+13;0,015463917525772697;0,962460722079698;4005559,10953617;104,0510328792440;0,33;2,09910e+12;1,51846211569873e-03
2011-10-01;48,8730;-0,001068976582667913;9,72833408172429e-02;1,046448329174876;22448499,9999998;94,3947195483892;6,0000;1,599546e+13;0,005076142131980266;0,975855376748379;4014288,00000011;103,8364086207410;0,37;2,12810e+12;-2,06268263335829e-03
2011-11-01;52,1650;0,067358255069261075;1,33036490008688e-01;1,083313257238242;23362227,3945029;94,8714605562093;6,0000;1,615242e+13;0,005050505050504528;0,987246355142512;3978392,02882566;103,7488162417370;0,41;2,16440e+12;-8,43561330437836e-04
2011-12-01;53,2600;0,020991085977187796;1,88573979022540e-01;1,141197109729966;24500027,2399447;94,4557223416773;6,0000;1,697815e+13;-0,004382120946537782;0,997046421178178;3965942,30500727;103,4929180873680;0,49;2,20810e+12;-2,46651637713879e-03
2012-01-01;49,6825;-0,067170484416072096;8,12295973884656e-02;1,118135391743159;24185100,0000009;94,7883129133029;6,0000;1,672039e+13;0,003521126760563043;0,992531841434729;3960258,99999989;103,9483067384220;0,40;2,20920e+12;4,40019142826342e-03
2012-02-01;48,9408;-0,014928797866451848;8,32403718459496e-02;1,137442042063389;24221461,9815073;95,2871987707413;7,7500;1,691581e+13;0,005263157894736414;0,994867629226703;4003041,57601886;104,4059883836910;0,30;2,19450e+12;4,40297355127406e-03
2012-03-01;51,1565;0,045273064600496848;1,45722284434491e-01;1,183358396491088;25316432,7497625;96,0355275568990;9,5000;1,737394e+13;0,007853403141361737;0,999459607599117;4043065,92300589;105,1989057831610;0,29;2,24600e+12;7,59455862393676e-03
2012-04-01;52,5193;0,026639820941620318;1,83400180261379e-01;1,136661372367867;23132000,0000008;97,3658898434015;9,2500;1,748423e+13;0,013852813852814005;0,996948609769091;4047164,99999979;105,5167147813290;0,29;2,26860e+12;3,02102950408134e-03
2012-05-01;56,4225;0,074319345459669117;2,52998001332445e-01;1,164517202336118;23877238,4839130;98,2805139153720;9,0000;1,750502e+13;0,009393680614859345;0,993209545830747;4072472,49856633;105,3928930937310;0,29;2,24840e+12;-1,17347936632217e-03
2012-06-01;56,3090;-0,002011608843989543;2,59145796064401e-01;1,091679624517924;23664313,0664993;99,4445809160616;9,0000;1,807961e+13;0,011844331641285066;1,002420231897043;4140641,35268504;105,2383452836550;0,32;2,27100e+12;-1,46639688445183e-03
2012-07-01;55,8070;-0,008915093501926763;2,63879987226902e-01;1,023778075460756;23569500,0000024;100,9412384883770;9,0000;1,739804e+13;0,015050167224081257;0,979522309391268;4086345,99999970;105,0668293163900;0,30;2,31460e+12;-1,62978586182350e-03
2012-08-01;55,7215;-0,001532065869872978;2,10836828266586e-01;1,026484066716733;23975734,1949299;102,1884531319730;9,0000;1,756866e+13;0,012355848434925099;0,978825299330395;4153391,67074711;105,6515428411570;0,26;2,33460e+12;5,56515818142977e-03
2012-09-01;52,6970;-0,054278869018242415;7,70909938211928e-02;1,022881202634180;24460705,2744810;103,1030772039440;9,0000;1,746871e+13;0,008950366151347700;0,977695027983103;4164266,42593338;106,1229824517150;0,24;2,35800e+12;4,46221226761256e-03
2012-10-01;54,1175;0,026955993699831149;1,07308738976531e-01;1,015790670398567;25483799,9999993;103,8514059901010;9,0000;1,733798e+13;0,007258064516122653;0,988170277858253;4160201,00000026;106,0817085558490;0,23;2,41620e+12;-3,88925140553553e-04
2012-11-01;54,5265;0,007557629232688212;4,52698169270584e-02;0,991107683571466;25185999,9621530;104,2671442046330;9,0000;1,794791e+13;0,004003202562049335;1,002870522888486;4128145,54577863;105,5790842239700;0,23;2,41520e+12;-4,73808669488374e-03
2012-12-01;54,7773;0,004599598360430113;2,84885467517837e-02;1,020658372249476;26856984,5379432;104,4334394904460;9,0000;1,812874e+13;0,001594896331740259;1,004504961099667;4102936,39470193;105,2947529413380;0,24;2,50970e+12;-2,69306449020557e-03
2013-01-01;53,2890;-0,027170013856104513;7,25909525486843e-02;1,019233294330554;27254800,0000012;104,6000000000000;9,0000;1,804053e+13;0,001594896331736928;0,993795712430638;4065317,99999975;105,6061415557050;0,23;2,48130e+12;2,95730419293050e-03
2013-02-01;53,7735;0,009091932669031078;9,87458316987053e-02;1,022891889209970;26305477,8564131;105,3000000000000;8,7500;1,842267e+13;0,006692160611854625;0,987020039929620;4113689,41430465;106,4710589735180;0,22;2,45570e+12;8,19002952926540e-03
2013-03-01;54,3893;0,011451737379936322;6,31943154828809e-02;1,112358711048292;27666199,2588715;105,3000000000000;8,6500;1,897526e+13;0,000000000000000000;0,985641255120240;4159310,47973776;106,7494284711920;0,21;2,49720e+12;2,61450858437740e-03
2013-04-01;54,2190;-0,003131130571638163;3,23633407147468e-02;1,121433303723460;25653700,0000023;106,1000000000000;8,5000;1,901576e+13;0,007597340930674212;0,982047255618086;4177428,00000031;106,6384475511970;0,20;2,54230e+12;-1,03963947708585e-03
2013-05-01;56,4958;0,041992659399841425;1,29912712127256e-03;1,118713175761090;26318986,3443930;106,9000000000000;8,2500;1,923190e+13;0,007540056550424223;0,983457104174733;4216193,47754073;106,8283074721800;0,20;2,51850e+12;1,78040777358324e-03
2013-06-01;59,6995;0,056706870245221808;6,02123994388108e-02;1,064513426595565;26065486,8915452;109,3000000000000;8,2500;1,971440e+13;0,022450888681010195;0,999333064383667;4298637,50453176;107,0846642253920;0,19;2,52350e+12;2,39970808560042e-03
2013-07-01;61,1150;0,023710416335145146;9,51135162255632e-02;1,081418401548258;26862000,0000034;111,0000000000000;9,2500;1,907548e+13;0,015553522415370669;0,979105813507611;4249371,00000115;107,1268553189440;0,14;2,54370e+12;3,93997533233881e-04
2013-08-01;66,5742;0,089326679211322979;1,94766831474386e-01;1,029568583890013;27596785,6768156;112,4000000000000;10,2500;1,903625e+13;0,012612612612612706;0,985854818065639;4335300,74756268;107,2557215938140;0,12;2,53740e+12;1,20293155704365e-03
2013-09-01;62,7770;-0,057037110472225039;1,91282236180428e-01;1,030954278778605;28462812,4625169;113,7000000000000;9,8750;1,910508e+13;0,011565836298932375;0,984054214832551;4344076,69455592;107,3804604790980;0,11;2,55580e+12;1,16300448526552e-03
2013-10-01;61,4100;-0,021775491023782623;1,34753083568162e-01;1,040106508604722;29210699,9999980;114,8000000000000;9,1250;1,929444e+13;0,009674582233949014;0,998743704519922;4351080,99999942;107,1039253767960;0,12;2,61840e+12;-2,57528325980527e-03
2013-11-01;62,3948;0,016036476143950429;1,44302311719989e-01;0,963300467676195;28753562,7198234;116,3000000000000;8,7500;1,963673e+13;0,013066202090592283;1,004400182035166;4303295,96217726;106,8851737287070;0,12;2,60720e+12;-2,04242419051792e-03
2013-12-01;61,8970;-0,007978228954977018;1,29975373010353e-01;0,995909571486299;30160210,6125401;114,5000000000000;8,7500;1,989686e+13;-0,015477214101461745;0,997157484299111;4255571,83793330;106,8760017518480;0,14;2,71570e+12;-8,58114978816715e-05
2014-01-01;62,4768;0,009367174499571806;1,72414569610989e-01;0,979971975790234;30608700,0000065;113,6000000000000;8,8000;2,008319e+13;-0,007860262008733687;0,978408270827203;4203940,00000005;107,2736069486900;0,12;2,70170e+12;3,72024767323542e-03
2014-02-01;62,0720;-0,006479205080925921;1,54323226124392e-01;0,968167653019718;29766059,8083095;113,6000000000000;9,0000;2,019186e+13;0,000000000000000000;0,978940949039737;4272486,56117756;107,6702949478460;0,13;2,70620e+12;3,69790865096697e-03
2014-03-01;60,0998;-0,031772779997422340;1,04993077682559e-01;1,080777806819828;30997210,2242000;114,2000000000000;9,0000;2,059762e+13;0,005281690140845230;0,992871823951197;4348729,70279842;108,3636963983940;0,12;2,77330e+12;6,44004412622690e-03
2014-04-01;60,3375;0,003955088036898591;1,12847894649477e-01;1,059150229803712;29143900,0000095;115,1000000000000;9,0000;2,120628e+13;0,007880910683012221;0,989750103774497;4360753,99999977;108,7209448970560;0,12;2,80960e+12;3,29675445315747e-03
2014-05-01;59,0335;-0,021611767143153160;4,49183833134497e-02;1,069800466237612;30020470,2631047;115,8000000000000;9,0000;2,157386e+13;0,006081668114682914;0,991873104560250;4408648,20587948;109,1006647390230;0,11;2,78220e+12;3,49260984005006e-03
2014-06-01;60,0933;0,017952518485266911;6,59637015385384e-03;1,090200461744193;30083260,3558495;116,7000000000000;9,0000;2,147674e+13;0,007772020725388629;1,006963709491870;4493468,65690718;109,3038240264520;0,11;2,82480e+12;1,86212694409305e-03
2014-07-01;60,2460;0,002541048669319368;-1,42190951484905e-02;1,065146107497108;30539799,9999995;119,2000000000000;9,0000;2,107530e+13;0,021422450728363351;0,993535265698674;4454942,00000005;109,2611743340570;0,13;2,84120e+12;-3,90193964162511e-04
2014-08-01;60,4745;0,003792782923347504;-9,16225805191802e-02;1,030305697910685;30866897,8978750;120,3000000000000;9,0000;2,110396e+13;0,009228187919463116;0,996786834556471;4525469,05558134;109,0786519945610;0,13;2,79020e+12;-1,67051416579100e-03
2014-09-01;61,6135;0,018834384740675780;-1,85338579416028e-02;1,035395579854097;32073383,1407821;120,1000000000000;9,0000;2,114241e+13;-0,001662510390689986;0,996474102861791;4529388,46814250;109,1607411874500;0,12;2,83460e+12;7,52568824311295e-04
2014-10-01;61,4080;-0,003335308008796778;-3,25679856699734e-05;0,968821660134098;31849200,0000045;120,1000000000000;9,0000;2,149306e+13;0,000000000000000000;1,006651232372026;4531052,00000035;108,8864990793630;0,12;2,86500e+12;-2,51227781255225e-03
2014-11-01;61,9736;0,009210526315789336;-6,75056254687889e-03;0,988474425515250;32500463,0036919;120,1000000000000;9,0000;2,169896e+13;0,000000000000000000;1,006868529302402;4494539,77467376;108,2985753626940;0,13;2,86110e+12;-5,39941794106624e-03
2014-12-01;63,3315;0,021910942723998517;2,31755981711552e-02;0,982519969893516;33348598,1422640;119,4000000000000;9,0000;2,188576e+13;-0,005828476269775118;0,993938732637552;4439945,85900910;107,6845115119770;0,15;2,99200e+12;-5,67010091001174e-03
2015-01-01;61,7575;-0,024853351018055747;-1,15130736529400e-02;0,955346419873775;33146699,9999971;119,5000000000000;8,8500;2,188417e+13;0,000837520938023362;0,982676191209302;4389973,00000028;107,1777597905120;0,16;2,94110e+12;-4,70589237346952e-03
2015-02-01;61,7908;0,000539205764481965;-4,53022296687722e-03;0,995944611186576;32743353,4434720;119,7000000000000;8,7500;2,234996e+13;0,001673640167364043;0,985986053439233;4447794,60122688;107,6432376161110;0,15;2,97960e+12;4,34304492376780e-03
2015-03-01;62,5908;0,012946911190662824;4,14477252836116e-02;1,051001287839292;34243170,8595590;120,2000000000000;8,5000;2,292404e+13;0,004177109440267390;0,999815625269777;4528512,32797475;108,2839001997200;0,14;3,02390e+12;5,95172161110380e-03
2015-04-01;63,5780;0,015772286022865956;5,37062357571991e-02;1,020179242272493;32435400,0000023;120,7000000000000;8,5000;2,336014e+13;0,004159733777038266;0,998770106573753;4556248,00000004;108,5040276443380;0,13;3,03540e+12;2,03287325458357e-03
2015-05-01;63,7615;0,002886218503255655;8,00901183226472e-02;1,042418095656862;33247384,5419336;121,6000000000000;8,5000;2,366302e+13;0,007456503728251684;0,994035249493248;4587657,11484596;109,0570978489420;0,15;2,97590e+12;5,09723202549583e-03
2015-06-01;63,7549;-0,000103510739239199;6,09319175348999e-02;1,048042901266838;33298093,2425072;123,0000000000000;8,2500;2,344883e+13;0,011513157894736947;1,000579344266659;4641431,37151041;109,4391106851240;0,18;3,02070e+12;3,50286999853178e-03
2015-07-01;64,0054;0,003929109762543570;6,24008232911728e-02;1,033590258798662;33558800,0000024;123,6000000000000;8,2500;2,332047e+13;0,004878048780487809;0,987241219054646;4605088,00000047;109,4464482666110;0,19;3,03840e+12;6,70471592929545e-05
2015-08-01;66,3062;0,035946966974661709;9,64323805901661e-02;1,020108156751599;33860679,0433663;124,8000000000000;8,2500;2,340524e+13;0,009708737864077666;0,986069446956568;4664500,10267725;109,2914418576920;0,26;3,02230e+12;-1,41627628282093e-03
2015-09-01;65,7418;-0,008512024516561190;6,70031730059157e-02;1,025086041468695;34293804,6908598;125,4000000000000;8,2500;2,349066e+13;0,004807692307692291;0,980714388468550;4640430,34927162;109,1213016869560;0,27;3,01630e+12;-1,55675657530019e-03
2015-10-01;65,2231;-0,007889957378714896;6,21270844189683e-02;0,999742744299815;34766300,0000016;126,1000000000000;7,7500;2,403035e+13;0,005582137161084466;0,991323735360566;4654715,00000019;109,0722316107600;0,25;3,01190e+12;-4,49683750444740e-04
2015-11-01;66,8148;0,024403930509282690;7,81171337472732e-02;0,958950133440143;34713761,1468911;126,6000000000000;7,7500;2,422625e+13;0,003965107057890549;0,991839558581373;4594882,89229240;108,8420149915960;0,30;3,05620e+12;-2,11068037908635e-03
2015-12-01;66,3260;-0,007315744415907988;4,72829476642744e-02;0,989307356497829;36498761,7274890;126,1000000000000;7,7500;2,458154e+13;-0,003949447077409185;0,984833585611886;4532135,53359524;108,4700913299600;0,54;3,14110e+12;-3,41709643711319e-03
2016-01-01;67,8763;0,023373940837680740;9,90778447961786e-02;0,998019797902752;36958100,0000025;126,3000000000000;7,7500;2,441547e+13;0,001586042823156220;0,978370520433928;4496788,00000003;108,6494034775550;0,57;3,09400e+12;1,65310220906467e-03
2016-02-01;68,6160;0,010897765493994127;1,10456572823139e-01;1,034286907736973;36880681,9475151;126,0000000000000;7,7500;2,525548e+13;-0,002375296912114022;0,980160160947280;4560018,28607369;108,7388302519310;0,54;3,09660e+12;8,23076533452705e-04
2016-03-01;66,3329;-0,033273580506004485;5,97867418214817e-02;1,093316679548905;38220794,2249156;126,0000000000000;7,7500;2,602538e+13;0,000000000000000000;0,984878184635259;4616640,94457675;109,2070596705880;0,55;3,17980e+12;4,30600014339100e-03
2016-04-01;66,5176;0,002784440300363844;4,62361194123753e-02;1,077266054321488;36397700,0000035;127,3000000000000;7,1500;2,671297e+13;0,010317460317460281;0,987403658404219;4666051,00000004;109,7248177642850;0,55;3,23450e+12;4,74106797911023e-03
2016-05-01;67,2030;0,010304039833066714;5,39745771351052e-02;1,090722434028162;37645141,7788850;128,6000000000000;7,0000;2,654665e+13;0,010212097407698240;0,977477633348155;4689359,92276404;110,1687414442650;0,57;3,23480e+12;4,04579099810976e-03
2016-06-01;67,6166;0,006154487150871191;6,05710306188232e-02;1,056227194370559;37619423,4565553;130,1000000000000;7,0000;2,665297e+13;0,011664074650077794;0,985722857868398;4763940,75334037;110,5305759313570;0,55;3,24700e+12;3,28436616728589e-03
2016-07-01;67,0340;-0,008616227376117669;4,73178825536598e-02;1,016386394931713;37541200,0000054;131,1000000000000;7,0000;2,648781e+13;0,007686395080707120;0,967870811985259;4720618,00000056;110,3517223826040;0,62;3,24470e+12;-1,61813640475450e-03
2016-08-01;66,9813;-0,000786168213145588;1,01815516497703e-02;0,997153516546236;37887293,5567151;131,1000000000000;7,0000;2,683288e+13;0,000000000000000000;0,968036825705901;4782487,03232374;110,4530727268970;0,73;3,31900e+12;9,18430107883728e-04
2016-09-01;66,6596;-0,004802833029517339;1,39606764645932e-02;1,004916022984141;38390887,5750980;130,9000000000000;7,0000;2,828550e+13;-0,001525553012967085;0,967673769109079;4791516,28896405;110,7186014569680;0,75;3,29640e+12;2,40399586462869e-03
2016-10-01;66,8566;0,002955313263205861;2,50448077444954e-02;1,005920934558947;38750099,9999987;131,4000000000000;6,7500;2,758707e+13;0,003819709702062690;0,983588994827309;4811648,99999989;110,8566397086980;0,72;3,32770e+12;1,24674851301876e-03
2016-11-01;68,5260;0,024969860866391524;2,56110921532353e-02;0,957183273597228;38762198,5341699;131,2000000000000;6,7500;2,103120e+13;-0,001522070015220867;0,987488547833759;4747849,76333380;110,6842065437470;0,71;3,32850e+12;-1,55546086733382e-03
2016-12-01;67,9547;-0,008336981583632386;2,45559810632332e-02;0,987484892265995;40257456,3054979;130,4000000000000;6,7500;1,994573e+13;-0,006097560975609650;0,984900979893810;4690230,16265246;110,7204358523400;0,87;3,38400e+12;3,27321392313396e-04
2017-01-01;67,8125;-0,002092570491812995;-9,39945164954437e-04;1,017099484435805;41227700,0000006;130,3000000000000;6,7500;2,096933e+13;-0,000766871165644112;0,972258317774913;4647310,99999996;111,3656844243780;0,90;3,38860e+12;5,82772789025610e-03
2017-02-01;66,7375;-0,015852534562212028;-2,73769966188644e-02;1,024039142211087;40655695,9670291;130,6000000000000;6,7500;2,251020e+13;0,002302379125095788;0,975732926632327;4732253,33912130;111,7160539403960;0,87;3,35800e+12;3,14611738641912e-03
2017-03-01;64,8386;-0,028453268402322540;-2,25272828415461e-02;1,073947872433826;42236243,8950875;130,8000000000000;6,7500;2,681957e+13;0,001531393568147132;0,984341113772171;4808475,52042182;111,8068565113010;0,98;3,47730e+12;8,12797871946547e-04
2017-04-01;64,2170;-0,009586881888257959;-3,45863350451611e-02;1,039825502607038;40089199,9999925;131,1000000000000;6,5000;2,610926e+13;0,002293577981651307;0,984069357120431;4857935,99999982;112,1384234747580;1,03;3,48910e+12;2,96553336533067e-03
2017-05-01;64,5459;0,005121696746967386;-3,95384134636847e-02;1,054448743076438;41585533,1476003;131,4000000000000;6,5000;2,621996e+13;0,002288329519450905;0,978676188264694;4900194,80601061;112,2342706329350;1,05;3,51710e+12;8,54721826890836e-04
2017-06-01;64,7379;0,002974627358205417;-4,25738649976486e-02;1,029148144452456;41296822,2120909;132,1000000000000;6,5000;2,701005e+13;0,005327245053272422;0,986622873688400;4966935,66819565;112,3360795760710;1,16;3,52770e+12;9,07111014860851e-04
2017-07-01;64,0773;-0,010204223491957598;-4,41074678521349e-02;1,014415277604813;41572500,0000003;134,2000000000000;6,5000;2,688838e+13;0,015897047691143085;0,970268410021535;4920944,00000007;112,2585763716120;1,22;3,54820e+12;-6,89922638848373e-04
2017-08-01;64,0154;-0,000966020728089267;-4,42795227921824e-02;1,025448534368016;42616476,4608562;135,4000000000000;6,2500;2,727695e+13;0,008941877794336861;0,974388248081004;4989840,57521924;112,5947293234980;1,25;3,58860e+12;2,99445229710771e-03
2017-09-01;65,3552;0,020929338877832437;-1,95680742158669e-02;1,027774960613838;43227318,0962788;135,2000000000000;6,2500;2,873034e+13;-0,001477104874446189;0,977979934478398;5001609,91927771;113,1909078193400;1,25;3,54220e+12;5,29490589323323e-03
2017-10-01;64,7745;-0,008885291453472610;-3,11427742362010e-02;0,997966986574378;43391900,0000001;136,1000000000000;6,2500;2,824911e+13;0,006656804733727872;0,995851233041422;5050987,00000108;113,1193663998390;1,26;3,60160e+12;-6,32042103727914e-04
2017-11-01;64,4332;-0,005269048776910701;-5,97262352975513e-02;1,018281354150192;44293358,2764332;137,6000000000000;6,2500;2,831074e+13;0,011021307861866170;1,007579917271513;5009305,93369087;113,1221179928960;1,32;3,60330e+12;2,43246859010782e-05
2017-12-01;63,9273;-0,007851542372565690;-5,92659521710787e-02;1,029829981040002;45234194,4770335;137,2000000000000;6,2500;2,886325e+13;-0,002906976744186052;1,010844741981526;4969297,25520945;113,0556211606680;1,54;3,65270e+12;-5,87832277257894e-04
2018-01-01;63,6878;-0,003746443225351337;-6,08250691244239e-02;1,033073780160907;45846900,0000049;136,9000000000000;6,2500;2,911685e+13;-0,002186588921282651;0,996929914449748;4923798,00000025;113,6715194067570;1,63;3,65190e+12;5,44774545277793e-03
2018-02-01;65,1031;0,022222466469245195;-2,44899793968908e-02;1,051168209019829;45725828,3505938;136,4000000000000;6,2500;2,968211e+13;-0,003652300949598231;0,998861766560095;5018239,11974720;114,1869845062380;1,78;3,56610e+12;4,53468997486062e-03
2018-03-01;65,0441;-0,000906254848079380;3,16940834626278e-03;1,104043152064357;47521056,6517501;136,5000000000000;6,2500;3,267331e+13;0,000733137829912023;1,005762457329160;5083613,43785069;114,4451756548220;2,08;3,68840e+12;2,26112590415140e-03
2018-04-01;66,7801;0,026689584451164761;3,99131071211674e-02;1,074930288193884;45693699,9999996;137,1000000000000;6,2500;3,177814e+13;0,004395604395604380;1,005288385515297;5135596,99999988;114,9001057070330;2,20;3,69810e+12;3,97509156334497e-03
2018-05-01;67,4526;0,010070365273487258;4,50330694900838e-02;1,071942506370237;46704421,8788496;137,8000000000000;6,2500;3,163823e+13;0,005105762217359811;0,997576349709699;5143646,28548138;115,3779657013930;2,16;3,65570e+12;4,15891692544146e-03
2018-06-01;68,5753;0,016644280576286086;5,92759419134696e-02;1,066609400610257;46599495,5615299;138,5000000000000;6,4500;3,189125e+13;0,005079825834542806;1,005656020097794;5221071,75897504;115,5618638374180;2,19;3,65660e+12;1,59387570154390e-03
2018-07-01;68,6068;0,000459349065917491;7,06880595780410e-02;1,063214294535855;46560200,0000016;139,8000000000000;6,5000;3,157841e+13;0,009386281588447787;0,994792241287622;5187828,99999971;115,5696600177480;2,17;3,68070e+12;6,74632622832405e-05
2018-08-01;70,9255;0,033796941411055270;1,07944338393574e-01;1,071043956100915;47401589,7106772;140,4000000000000;6,7500;3,213558e+13;0,004291845493562096;1,001939042362572;5265243,98744809;115,6338638557610;2,19;3,69090e+12;5,55542328350977e-04
2018-09-01;72,5474;0,022867656907600287;1,10047861532059e-01;1,085014187955786;47980477,7006483;140,2000000000000;6,7500;3,291706e+13;-0,001424501424501567;1,002307295451716;5275273,90451025;115,7682333167470;2,24;3,67570e+12;1,16202517589148e-03
2018-10-01;73,9936;0,019934553133537536;1,42326069672479e-01;1,073459884737062;48730000,0000023;140,6000000000000;6,7500;3,250630e+13;0,002853067047075664;1,015548472304822;5285745,00000003;115,9727684007050;2,37;3,72220e+12;1,76676345572613e-03
2018-11-01;69,6574;-0,058602365609998763;8,10793193571016e-02;1,006786773408292;47489028,6795418;140,8000000000000;6,7500;3,288474e+13;0,001422475106685805;1,024616945406554;5224716,15159893;115,5843351807220;2,56;3,68000e+12;-3,34934851810120e-03
2018-12-01;69,7923;0,001936621234786218;9,17448414057842e-02;0,996575916620473;48361239,2657068;140,1000000000000;6,7500;3,278668e+13;-0,004971590909091050;1,023064870954621;5180218,84045669;115,2151631121430;2,69;3,80070e+12;-3,19396281513207e-03
2019-01-01;71,0333;0,017781331178367887;1,15336061223656e-01;0,975512877760063;48012800,0000003;139,6000000000000;6,7500;3,342571e+13;-0,003568879371877220;1,007993218112138;5120261,00000005;115,4348319579190;2,59;3,74850e+12;1,90659666525139e-03
2019-02-01;71,1953;0,002280620497710384;9,35777251774494e-02;1,007624317980258;48106242,5211532;139,9000000000000;6,5625;3,456918e+13;0,002148997134670649;1,010996133617091;5213173,32299069;115,9227811268230;2,49;3,70510e+12;4,22705314009453e-03
2019-03-01;69,1713;-0,028428842915192432;6,34523346468012e-02;1,060516123846084;51021634,5542795;140,4000000000000;6,5000;3,710464e+13;0,003573981415296634;1,018729574417075;5306091,05769102;116,5767430768770;2,48;3,75730e+12;5,64135835680601e-03
2019-04-01;69,8368;0,009621042253073142;4,57726178906590e-02;1,033477812671403;49513799,9999976;141,2000000000000;6,2500;3,586167e+13;0,005698005698005604;1,017785980338393;5352103,00000006;117,1940171194950;2,47;3,82380e+12;5,29500161289409e-03
2019-05-01;69,8058;-0,000443892045454475;3,48867204525845e-02;1,031173779750867;50168224,5237690;142,0000000000000;6,2500;3,573571e+13;0,005665722379603499;1,010105957391430;5378204,17619452;117,4434948900620;2,44;3,79130e+12;2,12875858937944e-03
2019-06-01;68,9180;-0,012718140899466768;4,99742618698007e-03;1,007097943657761;48670103,2372587;142,9000000000000;6,0000;3,549636e+13;0,006338028169014187;1,018681217993485;5450654,15885158;117,4668834310530;2,30;3,83130e+12;1,99147181484172e-04
2019-07-01;68,8569;-0,000886560840419159;3,64541124203410e-03;0,997893649861999;48681400,0000050;144,2000000000000;6,0000;3,574564e+13;0,009097270818754222;1,003317859502935;5397763,99999988;117,6631637358380;2,22;3,86350e+12;1,67094162245474e-03
2019-08-01;71,7586;0,042141019999448304;1,17461279793587e-02;0,996558875927508;49200175,3937584;145,0000000000000;5,7200;3,594300e+13;0,005547850208044380;1,007932825894035;5492296,11502657;117,6572019508790;2,06;3,85070e+12;-5,06682360877919e-05
2019-09-01;70,6850;-0,014961272934533310;-2,56714920176325e-02;1,026786330182963;50099591,8689734;145,8000000000000;5,6500;3,646406e+13;0,005517241379310533;1,006532577731519;5496734,82497067;117,7493803183130;2,03;3,87800e+12;7,83448576930246e-04
2019-10-01;70,8095;0,001761335502581840;-4,30321000735199e-02;1,033064808758181;51353399,9999968;147,2000000000000;5,4000;3,670598e+13;0,009602194787379892;1,019173373414650;5511056,00000055;118,0185778391280;1,88;3,92490e+12;2,28619055223289e-03
2019-11-01;71,7255;0,012936117328889329;2,96895950753258e-02;0,985251948804463;51454901,1271714;148,6000000000000;5,4000;3,652760e+13;0,009510869565217517;1,022862708962887;5431016,50744022;117,9552911988000;1,77;3,92610e+12;-5,36243034670925e-04
2019-12-01;71,2740;-0,006294832381788851;2,12301357026492e-02;0,973250268356648;51622037,6078405;150,4000000000000;5,4000;3,688348e+13;0,012113055181695920;1,012009810554652;5341158,41029695;117,8479790695490;1,76;4,04330e+12;-9,09769525049398e-04
2020-01-01;71,5096;0,003305553217161972;6,70530582135442e-03;0,962780854841552;51487300,0000052;150,2000000000000;5,4000;3,806879e+13;-0,001329787234042645;0,989118663030200;5254152,00000007;118,3052021159750;1,65;3,98350e+12;3,87976993781258e-03
2020-02-01;72,1895;0,009507814335417697;1,39644049536978e-02;0,970022686501400;50967407,7569269;149,1000000000000;5,4000;3,868854e+13;-0,007323568575232975;0,979331772544146;5299361,42110831;118,6294314979440;1,59;3,94140e+12;2,74061813149307e-03
2020-03-01;75,3859;0,044277907451914844;8,98436201141226e-02;0,914842526915123;47966837,6971603;148,6000000000000;5,2100;4,125948e+13;-0,003353454057679395;0,958407006664186;5234000,04392619;118,3712403493610;1,35;4,28570e+12;-2,17645103177844e-03
2020-05-01;75,6369;0,006948013046661705;8,35331734612308e-02;0,840507122665179;43859288,5964775;150,9000000000000;4,4900;4,119065e+13;-0,003302509907529672;0,911756295487942;5072219,97673732;117,5819917406350;0,17;1,61663e+13;1,95016166859574e-05
2020-06-01;75,5270;-0,001452994504005267;9,58965727386167e-02;0,871116098260524;46335521,5593078;151,8000000000000;4,2500;4,178770e+13;0,005964214711729587;0,945904667346352;5287909,00773178;118,2254059173010;0,20;1,65399e+13;5,47204692777492e-03
2020-07-01;74,7722;-0,009993777059859377;8,59071494650501e-02;0,876736299892716;47328600,0000046;153,9000000000000;4,2500;4,264797e+13;0,013833992094861580;0,951927969233916;5349433,00000007;118,8234188085140;0,18;1,67418e+13;5,05824350166595e-03
2020-08-01;73,5951;-0,015742481831482746;2,55927512521148e-02;0,901554578582707;49181169,2310163;154,7000000000000;4,2500;4,285648e+13;0,005198180636777128;0,959557641127999;5463660,97302971;119,1980940632090;0,15;1,68651e+13;3,15321052408701e-03
2020-09-01;73,7978;0,002754259454773367;4,40376317464808e-02;0,944581259051188;52031270,8702460;156,4000000000000;4,2500;4,324974e+13;0,010989010989011172;0,955036198965699;5470088,62175006;119,3641068443580;0,13;1,71325e+13;1,39274694326041e-03
2020-10-01;73,9732;0,002376764618999605;4,46790331805762e-02;0,967005401295324;54579500,0000005;158,4000000000000;4,2500;4,285991e+13;0,012787723785166349;0,974925510655112;5539370,00000007;119,4136355193980;0,12;1,73172e+13;4,14937759343204e-04
2020-11-01;73,7983;-0,002364369798792065;2,88990665802260e-02;0,967302402388865;54919246,0991086;158,9000000000000;2,2500;4,348375e+13;0,003156565656565746;0,983090672580106;5493978,31743622;119,3407183033680;0,16;1,76372e+13;-6,10627217845217e-04
2020-12-01;73,0536;-0,010091018356791381;2,49684316861689e-02;0,975561359238858;57096549,5854817;157,3000000000000;4,2500;4,409929e+13;-0,010069225928256764;0,981833712573819;5456027,71015889;119,4530750198920;0,17;1,79439e+13;9,41478467042289e-04
2021-01-01;72,9519;-0,001392128519333902;2,01693199234787e-02;0,963724603977529;57580700,0000024;156,3000000000000;4,2500;4,564704e+13;-0,006357279084551859;0,974260004402929;5444405,99999968;119,9612025378860;0,14;1,80805e+13;4,25378348702510e-03
2021-02-01;73,0408;0,001218611167084216;1,17925737122435e-02;0,925466937901771;55085987,0609603;156,6000000000000;4,2500;4,604295e+13;0,001919385796544937;0,969968747169393;5507818,99199786;120,6179160809980;0,11;1,82579e+13;5,47438279392543e-03
2021-03-01;73,5047;0,006351244783737275;-2,49542686364427e-02;0,925196001033053;55281977,3617214;156,8000000000000;4,2500;4,794299e+13;0,001277139208173850;0,992275011636751;5690877,71421664;121,4722857254230;0,10;1,87163e+13;7,08327313374646e-03
2021-04-01;74,0232;0,007053970698472467;-1,45350462623975e-02;0,877361202383354;51238500,0000025;157,8000000000000;4,2500;4,710863e+13;0,006377551020408267;1,003170513066630;5784816,00000022;122,4706554065360;0,11;1,90788e+13;8,21890915405765e-03
2021-05-01;72,5211;-0,020292286742534804;-4,11941790316630e-02;0,870899695734373;50838998,4016270;160,4000000000000;4,2500;4,740678e+13;0,016476552598225558;1,000995576871068;5833578,34689256;123,4525155293030;0,10;1,91602e+13;8,01710515476350e-03
2021-06-01;74,3456;0,025158195339011646;-1,56420882598276e-02;0,910659402798344;53432080,5582376;161,3000000000000;4,2500;4,823542e+13;0,005610972568578676;1,002959295768175;5891896,71332418;124,5994712355340;0,09;1,93010e+13;9,29066290235903e-03
2021-07-01;74,3871;0,000558203847974781;-5,15030987452547e-03;0,923229501645561;56038300,0000029;162,5000000000000;4,2500;4,855942e+13;0,007439553626782391;0,995722000182960;5883176,99999934;125,1988599232760;0,10;1,94434e+13;4,81052352629141e-03
2021-08-01;73,1536;-0,016582176210660271;-5,99904069700297e-03;0,932481293838667;58035889,6529606;162,9000000000000;4,2500;4,803130e+13;0,002461538461538515;1,005135961658099;6015133,84821481;125,4575096707030;0,10;1,96539e+13;2,06591136361389e-03
2021-09-01;74,2551;0,015057358762931683;6,19666168910182e-03;0,969638826865253;59915366,5871727;163,2000000000000;4,2500;4,820032e+13;0,001841620626150897;1,013604292672074;6068207,22199679;125,7982486110190;0,10;1,98383e+13;2,71597085906117e-03
2021-10-01;74,7858;0,007146983843533850;1,09850594539642e-02;1,021353801440990;62385500,0000027;165,5000000000000;4,2500;4,835438e+13;0,014093137254902022;1,047240105327187;6203368,99999995;126,8433953741130;0,11;2,00115e+13;8,30811855199753e-03
2021-11-01;75,0885;0,004047559830876901;1,74827875438865e-02;1,036625456152614;62166044,6727249;166,7000000000000;4,2500;4,883362e+13;0,007250755287008914;1,056934623939828;6144645,75719766;127,4666312016890;0,14;2,02566e+13;4,91342750434764e-03
2021-12-01;74,3025;-0,010467648175153332;1,70956667433226e-02;1,079895554948972;64361668,0438339;166,1000000000000;4,2500;5,138213e+13;-0,003599280143971151;1,055724277428752;6071348,12641842;127,8582746135730;0,17;2,05778e+13;3,07251716148604e-03
2022-01-01;74,9674;0,008948554893846161;2,76277931075133e-02;1,036848282074798;65047899,9999985;165,7000000000000;4,2500;5,034100e+13;-0,002408187838651488;1,041406973608438;6010732,99999982;128,9341474991460;0,22;2,05416e+13;8,41457378354771e-03
2022-02-01;75,4882;0,006947019637869367;3,35073000295725e-02;0,994945041130740;64283431,4653000;166,1000000000000;4,2500;5,138374e+13;0,002414001207000638;1,050696167289796;6155651,27672605;130,1118293278550;0,38;2,05212e+13;9,13397925647885e-03
2022-03-01;75,8071;0,004224501312787954;3,13231670899956e-02;1,053977242293603;66760938,8191469;167,7000000000000;4,2500;5,302993e+13;0,009632751354605729;1,077320237095510;6291158,24179859;131,8490017449690;0,73;2,08026e+13;1,33513795485627e-02
2022-04-01;76,4242;0,008140398458719389;3,24357768915691e-02;1,074225443978223;65419000,0000003;170,1000000000000;4,2500;5,286186e+13;0,014311270125223707;1,109197891295401;6352982,00000053;132,5850528879120;0,91;2,08208e+13;5,58253102565565e-03
2022-05-01;77,6641;0,016223918601699472;7,09172916571867e-02;1,011928542060498;65747483,4754078;171,7000000000000;4,6500;5,298098e+13;0,009406231628453776;1,093881259289185;6400356,40618391;134,0466074004090;1,33;2,05433e+13;1,10235239995913e-02
2022-06-01;78,9421;0,016455479430006914;6,18261201738906e-02;1,043877467295411;65970986,9176167;172,6000000000000;5,0300;5,245846e+13;0,005241700640652436;1,091819782753881;6457841,77636657;135,8878817548740;1,87;2,05411e+13;1,37360757588214e-02
2022-07-01;79,4203;0,006057604244123160;6,76622693988607e-02;1,066151455520015;65669500,0000039;173,4000000000000;5,1500;5,304199e+13;0,004634994206257348;1,077600240126074;6439153,99999952;135,8718307953710;2,50;2,04832e+13;-1,18119138334483e-04
2022-08-01;79,7194;0,003766039664921950;8,97536143128976e-02;1,025313598736859;66745453,9306473;174,3000000000000;5,6500;5,283655e+13;0,005190311418685090;1,074923055425774;6540365,90657694;135,8236779168610;2,76;2,03950e+13;-3,54399276348505e-04
2022-09-01;81,5522;0,022990639668637902;9,82706911713809e-02;1,026474745032231;68740204,2726299;175,3000000000000;5,7500;5,228040e+13;0,005737234652897216;1,069399115867450;6585086,32714239;136,1158053798230;3,21;2,02470e+13;2,15078451299799e-03
2022-10-01;82,3934;0,010314865816005048;1,01725193820217e-01;1,053362503592572;69501199,9999988;176,7000000000000;6,1500;5,325968e+13;0,007986309184255358;1,090554414347628;6655020,00000031;136,6679583867410;3,85;2,00583e+13;4,05649443411238e-03
2022-11-01;81,5970;-0,009665822747938591;8,66777202900577e-02;1,052286649501940;70741375,9338775;176,5000000000000;6,1500;5,356388e+13;-0,001131861912846532;1,093704972293099;6583022,13110797;136,5299201350110;4,46;1,99651e+13;-1,01002644189196e-03
2022-12-01;82,7862;0,014574065222986210;1,14177854042596e-01;0,996678130922331;71771573,8873091;175,7000000000000;6,4300;5,527104e+13;-0,004532577903682777;1,080288881511300;6489684,21106844;136,1107607925510;4,51;1,98798e+13;-3,07009146453396e-03
2023-01-01;81,7387;-0,012653075029413152;9,03232605105686e-02;1,063719879335673;71817400,0000035;176,5000000000000;6,5000;5,530333e+13;0,004553215708594349;1,078809840167139;6481468,00000011;137,1990158468830;4,61;1,95905e+13;7,99536383453647e-03
