date;br_exchange;br_gap;br_gdp;br_inflation;br_interest;br_m1;ru_exchange;ru_gap;ru_gdp;ru_inflation;ru_interest;ru_m1;in_exchange;in_gap;in_gdp;in_inflation;in_interest;in_m1;cn_exchange;cn_gap;cn_gdp;cn_inflation;cn_interest;cn_m1;za_exchange;za_gap;za_gdp;za_inflation;za_interest;za_m1;us_gap;us_gdp;us_inflation;us_interest;us_m1
2007-03-01;2,0496;1,030892597012009;678887,271431224;2647,88;12,75;158398773000;26,0113;1,003818606827417;8833490,08964944;71,51493;10,50;2741200000000;43,5950;0,929242455639746;12513049,6742227;60,5461079931588;6,0000;9,679250e+12;7,7342;1,082397070682277;6315624,94008904;70,71846;3,33;12788130000000;7,2750000000000;1,092035988566645;589440,017518322;45,13203;9,00000000000000;647132680700;1,045805558062532;3603373,39092981;94,1741895985196;5,30;1,37840e+12
2007-04-01;2,0331;1,012814319036675;670654,699999991;2654,50;12,50;159310973000;25,6851;0,993667389097086;8343034,99999963;71,92257;10,50;2859400000000;41,2950;0,887195540813118;11068200,0000030;61,0228490009789;6,0000;9,327990e+12;7,7139;1,102345676007653;6478159,99999997;70,64774;3,33;12767780000000;7,0650000000000;1,063514826052235;571947,499999912;45,51403;9,00000000000000;645932983800;1,032045995635140;3613882,00000029;94,7859604550218;5,31;1,39230e+12
2007-05-01;1,9281;1,022249190839405;696629,967519665;2661,93;12,50;160825317000;25,9031;1,057942471711654;8690831,48728346;72,37568;10,50;2896600000000;40,7350;0,903440431666869;11622324,4761378;61,4995900087990;6,0000;9,228820e+12;7,6506;1,053424668285894;6666249,36694816;70,85969;3,33;13027580000000;7,1200000000000;1,089046654046115;594361,343409720;45,72285;9,00000000000000;660823256200;1,029072253506030;3644876,02634712;95,3651707936741;5,31;1,38560e+12
2007-06-01;1,9254;1,002611059040818;685424,798369403;2669,38;12,00;167144535000;25,8162;0,970930471752722;9187532,47099901;73,06325;10,00;3027500000000;40,7550;0,863244463233350;11553057,2654036;61,9763310166191;6,0000;9,410020e+12;7,6155;1,073798181712160;6891805,16995060;71,14313;3,33;13584740000000;7,1100000000000;1,073779887031452;591838,303728516;46,04883;9,38000000000000;665872430600;1,044947457394678;3718325,45469425;95,5499861273850;5,33;1,37080e+12
2007-07-01;1,8768;1,009896724027358;691845,899999995;2675,79;11,50;169869344000;25,5999;1,011329765301486;9562363,09999868;73,69890;10,00;3087000000000;40,4250;0,827700126622661;11307199,9999997;62,9298130322595;6,0000;9,464090e+12;7,5737;1,095346523031085;6948210,00000059;71,78342;3,33;13623740000000;7,0900000000000;1,080516781419082;599257,999999957;46,44611;9,50000000000000;669360894500;1,011957559826016;3637993,00000022;95,5256803887084;5,32;1,36860e+12
2007-08-01;1,9612;1,005221693740135;710800,440824845;2688,37;11,50;173480653000;25,6494;1,038961568210677;9963805,39859125;73,76523;10,00;3170600000000;40,9550;0,803140022592985;11549166,7908269;63,4065540400796;6,0000;9,319340e+12;7,5607;1,084027545005103;7225324,73281173;72,64481;3,33;14099320000000;7,1350000000000;1,087343044204242;603643,877732648;46,74152;9,75000000000000;713233967200;1,013181271278918;3719588,26068864;95,3504956306995;5,49;1,37280e+12
2007-09-01;1,8381;1,001068621191259;694295,756917714;2693,21;11,25;178379774000;24,9493;1,000879481691104;9931986,88047854;74,34797;10,00;3220900000000;39,7350;0,827257382282485;12030009,2354008;63,4065540400796;6,0000;9,835110e+12;7,5108;1,082014515932039;7621307,24198623;72,86275;3,33;14259160000000;6,8700000000000;1,055316339634640;594456,374595791;47,00637;10,00000000000000;702665279600;1,020591366622073;3748819,50284005;95,6132727677128;5,46;1,35630e+12
2007-10-01;1,7432;1,034304221739528;726339,300000260;2701,29;11,25;181580850000;24,7238;1,075522646112004;10522930,69999932;75,56728;10,00;3259100000000;39,3200;0,872566036491427;12985899,9999964;63,8832950478997;6,0000;9,681950e+12;7,4692;1,133263233222120;7866930,00000100;73,08134;3,33;14464930000000;6,5400000000000;1,080367117642070;617938,599999980;47,43931;10,30000000000000;698839525300;1,031605703271341;3740349,99999955;95,8178078516708;5,08;1,36940e+12
2007-11-01;1,7829;1,037587292165139;718650,253178741;2711,55;11,25;191309446000;24,3506;1,034877937851134;10915847,34896474;76,49676;10,00;3373400000000;39,6750;0,850322752585870;12592092,9631605;63,8832950478997;6,0000;1,012568e+13;7,3997;1,100673222622564;7552581,19018029;73,59291;3,33;14800980000000;6,7450000000000;1,103123646423712;632974,417309456;47,58701;10,50000000000000;731629273700;1,040778184397287;3720595,69327754;96,3869290157781;4,97;1,37050e+12
2007-12-01;1,7705;1,026411728800739;695866,152552579;2731,62;11,25;235075119000;24,5462;1,034682354030531;11349361,33644748;77,36117;10,00;3702200000000;39,4150;0,896282887349892;13635544,3721363;63,8832950478997;6,0000;1,023956e+13;7,3046;1,086948838373053;7281969,45740661;74,32883;3,33;15251920000000;6,8100000000000;1,071264323224154;605239,000580986;47,92317;10,89473684210530;738317276800;1,032456783643837;3689505,15469418;96,3222665789214;5,02;1,39490e+12
2008-01-01;1,7595;1,054937971476933;712055,199999948;2746,37;11,25;193738675000;24,4764;1,041269362545098;9535424,50000000;79,14822;10,00;3465700000000;39,3950;0,876223851107622;13639299,9999971;63,8832950478997;6,0000;1,052809e+13;7,1853;1,131810509740094;6937360,00000089;75,22079;4,14;15487260000000;7,4300000000000;1,079040154324137;620116,399999739;48,60000;11,00000000000000;769055910200;1,018260179343372;3657486,99999926;96,8010437709666;3,84;1,37590e+12
2008-02-01;1,6825;1,058432261615697;716070,717248642;2759,83;11,25;187697652000;24,1159;1,078262845352049;10198592,43690562;80,09799;10,25;3487600000000;39,9250;0,901857327709738;13526949,7982180;64,3600360557199;6,0000;1,068468e+13;7,1058;1,091392905008724;7204077,23477338;77,17652;4,14;15017790000000;7,7250000000000;1,086473208558625;639061,593204172;48,80000;11,00000000000000;769179611300;1,012656656223525;3679901,72911979;97,0821648616980;3,06;1,36590e+12
2008-03-01;1,7483;1,028340302665194;750073,180784089;2773,08;11,25;187702397000;23,5156;1,053234127354849;11159595,17118306;81,05917;10,25;3475500000000;39,9850;0,986792380601982;14622141,0667590;65,3135180713602;6,0000;1,155810e+13;7,0190;1,133791955591040;7678550,22212739;76,63628;4,14;15086750000000;8,1000000000000;1,076142123284316;645064,756197851;49,50000;11,00000000000000;747133887800;1,011142382356156;3717315,75935334;97,9236937385207;2,79;1,40110e+12
2008-04-01;1,6864;1,074933765265780;769525,200000199;2788,33;11,75;190959053000;23,6471;1,134791245578187;10996863,89999967;82,21021;10,50;3601400000000;40,4600;0,938287318357059;13102000,0000026;65,7902590791803;6,0000;1,109212e+13;7,0002;1,122600972736508;7871180,00000081;76,71292;4,14;15168140000000;7,5950000000000;1,088145528820091;645385,900000030;49,80000;11,30952380952380;710768775400;0,996556169949179;3715835,00000035;98,5175792401476;2,85;1,40660e+12
2008-05-01;1,6286;1,038506636527740;783578,865300910;2810,36;11,75;187522192000;23,7384;1,103055714648645;11359872,64461247;83,32005;10,50;3656200000000;42,5850;0,943531715597962;13458814,7975177;66,2670000870005;6,0000;1,114093e+13;6,9472;1,126456456501837;8035862,42867013;76,40607;4,14;15334480000000;7,6100000000000;1,084563270081988;657292,095507143;50,20000;11,50000000000000;742099784600;0,979602745139421;3722356,61008657;99,3471845470534;2,66;1,39650e+12
2008-06-01;1,5911;1,065144122939835;791862,369550767;2831,16;12,25;190551872000;23,4573;1,098714991835461;11885329,42617133;84,12825;10,75;3724900000000;42,9500;0,959088436841889;13896072,3826260;66,7437410948206;6,0000;1,108141e+13;6,8591;1,113093264675358;8181675,86333066;76,25326;4,14;15482020000000;7,8150000000000;1,086377200308893;665883,675276365;50,90000;11,78571428571430;761197011600;0,992855866575478;3779406,37016216;100,3483058212240;2,76;1,40730e+12
2008-07-01;1,5658;1,068751799327432;812602,599999823;2846,16;13,00;189986585000;23,4456;1,137896018013315;12397231,29999975;84,55730;11,00;3807200000000;42,4850;0,889019133383466;13423399,9999986;68,1739641182810;6,0000;1,106310e+13;6,8388;1,119592373596398;8246009,99999970;76,32951;4,14;15499240000000;7,3300000000000;1,092086373488052;674474,999999771;51,70000;12,00000000000000;735153876400;0,969154283228817;3698181,99999965;100,8752358917800;2,79;1,41770e+12
2008-08-01;1,6336;1,037083195426147;808549,238268999;2854,13;13,00;190995678000;24,5769;1,093504097109887;12211133,77176085;84,86171;11,00;3887400000000;43,7850;0,869556984801822;13515984,3565172;69,1274461339214;6,0000;1,113439e+13;6,8345;1,116528285158689;8470747,69097291;76,25318;4,14;15688990000000;7,7050000000000;1,089429971237320;670799,095318938;52,00000;12,00000000000000;743468368200;0,968973718726762;3750189,78988298;100,4725861076650;2,79;1,40130e+12
2008-09-01;1,9135;1,061634161356973;811486,672699778;2861,55;13,75;199382244000;25,2464;1,066781219048783;11930249,22744395;85,54060;11,00;3904200000000;46,9350;0,925623820626532;14502358,3595516;69,6041871417415;6,0000;1,143391e+13;6,8183;1,106835740040232;8726712,22956538;76,25318;4,14;15574900000000;8,2700000000000;1,076635328214692;665386,850915832;52,30000;12,00000000000000;752975950300;0,954256370390734;3707965,44035310;100,3336306582500;3,59;1,44150e+12
2008-10-01;2,1145;1,040606048805798;815620,100000343;2874,43;13,75;193650031000;26,5430;1,019841945626366;11405651,00000079;86,31902;11,00;3962200000000;49,2450;0,907559674306829;14397200,0000011;70,5576691573818;6,0000;1,132167e+13;6,8258;1,083050852223560;8869900,00000028;76,02442;4,14;15719440000000;10,1100000000000;1,060376578324080;671653,500000037;52,50000;12,00000000000000;754085955700;0,964655778363696;3698359,99999964;99,3201272153190;4,32;1,46260e+12
2008-11-01;2,3323;1,023029739166339;789522,461711022;2884,78;13,75;201858589000;27,6060;0,904390259850538;10420860,72117141;87,03547;12,00;3793100000000;49,8400;0,844913493004080;13901240,8091242;70,5576691573818;6,0000;1,118229e+13;6,8349;1,021295244226253;8145568,85860891;75,41623;3,06;15782660000000;10,1350000000000;1,061335040415800;678137,560185527;52,50000;12,00000000000000;771475098100;0,965110634797492;3647337,15554001;97,4178592147412;2,36;1,51370e+12
2008-12-01;2,3362;0,995582267954124;747951,873527772;2892,86;13,75;227166817000;29,3804;0,939714257466642;11074244,06122308;87,63602;13,00;3794800000000;48,4550;0,903432119860758;14722342,6413202;70,0809281495616;6,0000;1,128675e+13;6,8346;0,993018307802239;7615256,58251207;75,26540;2,79;16621713000000;9,3050000000000;1,034914432879244;654792,207506004;52,40000;11,70833333333330;753655119300;0,943817929769444;3582487,67931534;96,4103175567688;1,77;1,63230e+12
2009-01-01;2,3154;0,997964972036991;756127,099999674;2906,74;12,75;199815307000;35,4146;0,874442627938103;8952169,89999991;89,71299;13,00;3312700000000;49,0250;0,844786686246195;14395599,9999999;70,5576691573818;6,0000;1,155722e+13;6,8380;0,982529198515675;7397920,00000055;75,94279;2,79;16521434000000;10,2000000000000;1,035581463009108;666641,899999808;52,70000;11,50000000000000;722856034500;0,926063758918934;3522117,00000025;96,8299354980727;1,02;1,58070e+12
2009-02-01;2,3776;1,001666380699787;758303,639801408;2922,73;12,75;198079554000;35,7205;0,901204530050670;9548836,45086316;91,19325;13,00;3301600000000;50,7250;0,837423706761240;13963709,5867388;70,5576691573818;6,0000;1,186231e+13;6,8379;1,020745235290800;7804777,78771554;75,94279;2,79;16614960000000;10,0500000000000;1,031786791463721;684994,684964182;53,20000;10,70000000000000;729791367800;0,921881419294279;3567835,07801833;97,3114642831756;1,16;1,55200e+12
2009-03-01;2,2367;0,980328489797567;804098,799344189;2928,57;11,25;196166112000;34,0134;0,878054385488449;10443342,55253282;92,38789;13,00;3278300000000;50,9450;0,938038505987784;15141775,2958186;70,5576691573818;6,0000;1,259671e+13;6,8359;1,010068305982291;8042499,14375189;75,71496;2,79;17654110000000;9,4950000000000;1,045855460750624;700506,396882063;54,00000;10,27272727272730;731868143400;0,919973051351537;3597427,31083848;97,5481012861404;1,07;1,59490e+12
2009-04-01;2,1775;0,992536574064019;803577,499999906;2942,63;10,25;198350552000;33,2491;0,869285924103986;9929805,00000058;93,02536;12,50;3410100000000;50,2250;0,931110246586910;14076499,9999980;71,5111511730221;6,0000;1,255734e+13;6,8250;1,019000461262630;8386579,99999990;75,56353;2,79;17821357000000;8,4650000000000;1,043594036122081;690134,399999898;54,20000;9,50000000000000;744685309900;0,912848649650727;3598009,99999910;97,7916172717496;0,89;1,62770e+12
2009-05-01;2,0136;0,980860013250143;825779,388735110;2956,46;10,25;199654739000;30,9843;0,858293226272499;10045098,53572135;93,55560;12,00;3461900000000;47,2900;0,929559434299028;14443262,1161203;71,9878921808422;6,0000;1,264917e+13;6,8324;1,004446860212089;8613156,47905515;75,33684;2,79;18202558000000;7,9500000000000;1,037257363196221;704252,595922128;54,40000;8,45000000000000;768283158400;0,907883638564346;3608944,15527822;98,0741141590100;0,57;1,61790e+12
2009-06-01;1,9479;1,003829976327719;832271,860863019;2967,10;9,25;206491951000;31,2904;0,879684227194672;10796699,25879266;94,11694;11,50;3522500000000;47,8800;0,923980075849252;14605104,3572283;72,9413741964825;6,0000;1,247721e+13;6,8319;1,026727490216783;8852180,17929925;74,96015;2,79;19313815000000;7,6850000000000;1,036875217384953;707638,417862461;54,60000;7,50000000000000;771767119600;0,917287890665974;3647570,35817180;98,9165602335185;0,39;1,66170e+12
2009-07-01;1,8803;1,016115083391407;852843,199999950;2974,22;8,75;202506493000;31,7555;0,881983741280843;11182739,90000027;94,70988;11,00;3550100000000;48,1550;0,908565797068180;14715100,0000078;76,2785612512235;6,0000;1,266324e+13;6,8323;1,030158137660463;8984690,00000065;74,96015;2,79;19588927000000;7,8050000000000;1,037364907188547;716074,499999770;55,10000;7,50000000000000;762835005800;0,903617315133039;3623204,00000015;98,7597194292279;0,35;1,65760e+12
2009-08-01;1,8732;1,019607494481515;873169,026210197;2978,68;8,75;206840405000;31,5687;0,857299954558418;11002857,71650313;94,70988;10,75;3506600000000;48,8850;0,897522566444273;15532905,0762941;77,2320432668639;6,0000;1,280116e+13;6,8312;1,025350080532166;9334025,99986914;75,33495;2,79;20039483000000;7,7850000000000;1,030204447547719;710003,676342198;55,30000;7,19565217391304;779649626100;0,908794472258110;3700963,90988665;98,9812226703752;0,30;1,65130e+12
2009-09-01;1,7920;1,066727587778360;887394,369598453;2985,83;8,75;214465555000;30,0922;0,888125650378310;11459283,33052376;94,68147;10,00;3485600000000;48,0400;0,894494829326677;16399301,9637718;77,7087842746840;6,0000;1,311294e+13;6,8290;1,026263515863443;9689553,17678579;75,63628;2,79;20170813980000;7,4400000000000;1,028178356763956;712139,638816552;55,40000;7,00000000000000;761785937700;0,913104915769954;3720213,91605170;99,0431335141741;0,25;1,64100e+12
2009-10-01;1,7105;1,065780993480422;920491,499999875;2994,19;8,75;214528687000;29,0488;0,869309169352392;11617843,10000026;94,68147;9,50;3566700000000;46,9600;0,870638114782196;16708099,9999963;78,6622662903244;6,0000;1,312408e+13;6,8281;1,037498214649965;10082580,00000079;75,56251;2,79;20754574310000;7,7100000000000;1,009571283185045;721377,600000098;55,40000;7,00000000000000;765629591000;0,927422272679111;3734737,99999977;99,1385220735088;0,24;1,66430e+12
2009-11-01;1,7435;1,074318311560619;911695,763345330;3006,47;8,75;225273361000;29,8179;0,883241700861561;12100253,25726736;94,95604;9,00;3600100000000;46,4800;0,912011950258787;16757557,5751464;80,0924893137847;6,0000;1,309467e+13;6,8272;1,032920839075946;9901469,36194887;75,78990;2,79;21249318000000;7,4300000000000;1,016925347371079;730552,334930514;55,40000;7,00000000000000;790947832200;0,926829475229687;3695754,02784295;99,2086876964809;0,21;1,68310e+12
2009-12-01;1,7404;1,069395770499242;891978,671205792;3017,59;8,75;254714119000;30,2442;0,957606356091499;13164817,48281132;95,34536;8,75;4038100000000;46,6800;0,975570596633767;18044306,3406247;80,5692303216049;6,0000;1,330955e+13;6,8282;1,034275085913133;9482365,33710979;76,54786;2,79;22000151000000;7,3800000000000;1,004338221323718;712580,765311400;55,60000;7,00000000000000;806344793500;0,917044794696769;3635431,28660335;99,0339615373150;0,22;1,72440e+12
2010-01-01;1,8552;1,037127361239426;886397,399999975;3040,22;8,75;231954830000;30,4312;0,884946554714918;10736372,99999952;96,90903;8,75;3873300000000;46,3750;0,959933574002191;18148199,9999978;81,9994533450653;6,0000;1,373622e+13;6,8270;0,998211650509851;8750129,99999961;77,00264;2,79;22958898000000;7,5550000000000;0,997087884174301;715442,099999930;55,80000;7,00000000000000;796554831100;0,905897237007721;3602417,99999986;99,3724074834159;0,20;1,67420e+12
2010-02-01;1,8356;1,033328948905728;891624,125362819;3063,93;8,75;229539682000;29,9484;0,854410091842711;11159918,30724899;97,74244;8,50;3950000000000;46,2350;0,948409384292716;17531150,2531046;81,0459713294250;6,0000;1,396381e+13;6,8269;0,986231318884624;9040719,33997745;77,93114;2,79;22428695000000;7,7150000000000;0,996487347459527;738895,934096136;56,10000;7,00000000000000;796212021500;0,904149069972452;3644081,71683069;99,3971718209355;0,19;1,68520e+12
2010-03-01;1,7944;1,048139303814744;950802,686531692;3079,86;8,75;234321660000;29,3638;0,895579852576502;12504087,78999611;98,35822;8,25;3986100000000;45,1350;1,030829294517942;18799823,9522289;81,0459713294250;6,0000;1,489268e+13;6,8263;1,017804308811337;9663077,81971822;77,38162;2,79;22939793320000;7,3350000000000;1,039982552274302;768189,194718249;56,60000;6,90384615384615;815747384300;0,918365820940148;3725758,92225572;99,8053247911655;0,23;1,72950e+12
2010-04-01;1,7298;1,025031112928585;944144,999999993;3097,42;9,50;233688103000;29,2886;0,859676825946034;11790355,70000030;98,64346;8,25;4181000000000;44,4450;0,968316254237238;17137399,9999970;81,0459713294250;6,0000;1,455696e+13;6,8263;1,013344699657403;9934739,99999972;77,53953;2,79;23390975970000;7,3300000000000;1,031795361175520;764970,099999889;56,60000;6,50000000000000;810015194500;0,919586027382262;3755369,99999985;99,9786751538026;0,30;1,71600e+12
2010-05-01;1,8320;1,034202932745673;969471,740631026;3110,74;9,50;236231009000;30,4956;0,856134247765682;12056702,47576067;99,13667;7,75;4240300000000;46,4400;0,956166501606772;16951130,6102080;81,9994533450653;6,0000;1,473774e+13;6,8279;1,007762113869101;10165781,83003078;77,46373;2,79;23649788000000;7,5950000000000;1,029910357228298;773959,314330378;56,70000;6,50000000000000;822158154500;0,923480967298260;3797918,97373596;100,0561783582620;0,45;1,70820e+12
2010-06-01;1,8068;1,030500067478095;974759,637441399;3110,74;10,25;240063569000;31,1954;0,872950083903209;12837510,05014497;99,52331;7,75;4367700000000;46,6000;0,971626456140317;17054784,3017660;82,9529353607056;6,0000;1,486650e+13;6,7909;1,017327864999170;10302841,74106771;76,99632;2,79;24058000000000;7,6400000000000;1,020790552277733;775846,220169977;56,70000;6,50000000000000;823031903600;0,937388835788518;3848138,85423272;99,9584968047126;0,52;1,73230e+12
2010-07-01;1,7635;1,035738078420096;997934,700000027;3111,05;10,75;241185103000;30,1869;0,850882938472387;12981985,19999943;99,88159;7,75;4467300000000;46,4600;1,004963174320655;17558000,0000052;84,8598993919862;6,0000;1,512654e+13;6,7750;1,036949830084927;10596370,00000107;77,30582;2,79;24066410000000;7,3350000000000;1,012180139384115;777732,999999953;57,10000;6,50000000000000;831785137500;0,917640188530603;3793866,99999991;99,9795923514885;0,41;1,71840e+12
2010-08-01;1,7583;1,066302837226674;1020588,392285175;3112,29;10,75;248096060000;30,6640;0,894185162953983;13389294,98509571;100,43090;7,75;4477800000000;47,0800;0,943572344386820;17760825,0241103;84,8598993919862;6,0000;1,504861e+13;6,8105;1,048435327747680;11078758,92844973;77,76691;2,79;24434060000000;7,4150000000000;1,019961573088872;776314,888942851;57,10000;6,50000000000000;832804831500;0,922300422548943;3869004,94710238;100,1176306032180;0,32;1,73960e+12
2010-09-01;1,7045;1,081817040196404;1032198,727385420;3126,29;10,75;254630048000;30,4030;0,922814171182501;13810133,22572693;101,27460;7,75;4524500000000;44,9200;0,964977805495343;19028043,2374227;85,3366403998064;6,0000;1,519831e+13;6,7011;1,060394694950026;11492221,52035473;78,23433;2,79;24382190000000;6,9800000000000;1,019435928963583;781367,533217787;57,20000;6,16000000000000;847187800100;0,929837519108045;3881784,15188220;100,1758726562730;0,28;1,74140e+12
2010-10-01;1,7018;1,111547113013786;1057369,800000024;3149,74;10,75;255602306000;30,7821;0,981963739809798;14230961,49999985;101,78090;7,75;4590000000000;44,5400;1,027071392625048;20094699,9999964;86,2901224154467;6,0000;1,574408e+13;6,6908;1,083413210063820;11930680,00000038;78,78385;2,79;25331320000000;6,9650000000000;1,018360177627049;797467,899999923;57,30000;6,00000000000000;842832571500;0,940979958852170;3897314,99999996;100,3006115415570;0,27;1,76740e+12
2010-11-01;1,7263;1,140725718027034;1056035,183635411;3175,88;10,75;265053833000;31,3061;1,085499850703439;14853348,19508206;102,60540;7,75;4621500000000;46,0400;0,974858246964272;19627247,8293475;86,7668634232668;6,0000;1,586046e+13;6,6762;1,087962058245246;11411123,39099903;79,64919;2,79;25942030000000;7,1305000000000;1,033589968816438;807167,784769595;57,40000;5,80769230769231;881201806400;0,943100565096423;3842785,46133704;100,3428026351090;0,27;1,82870e+12
2010-12-01;1,6858;1,153744774527309;1025106,358724359;3195,89;10,75;287739157000;30,4769;1,128589446601181;15814194,78715628;103,71350;7,75;5062700000000;44,8100;1,014737227033083;21481432,8258647;88,1970864467272;6,0000;1,591773e+13;6,6229;1,109205113976477;10891517,13917249;80,04712;3,25;26662150000000;6,6316000000000;1,011272129580513;782619,251297843;57,50000;5,50000000000000;862875586900;0,942057249878144;3801549,49192326;100,5152358000600;0,30;1,87140e+12
2011-01-01;1,6774;1,122528337540158;1016530,599999817;3222,42;11,25;263311792000;29,6684;1,055834270583464;13024799,49999919;106,17150;7,75;4830700000000;45,9500;0,999182131956161;21692700,0000021;89,6273094701877;6,0000;1,566507e+13;6,5891;1,104060248825538;10446990,00000085;80,84930;3,25;26176500000000;7,1782500000000;0,994639271684469;783164,999999854;57,80000;5,50000000000000;863215790500;0,937536158620479;3764834,99999983;100,9940129921050;0,29;1,85560e+12
2011-02-01;1,6617;1,132595407963717;1043684,482098002;3248,20;11,25;260344752000;28,9405;1,028569470176963;13454198,50599073;106,99960;5,25;4898000000000;45,1800;1,003298024294451;20993240,8797945;88,1970864467272;6,0000;1,587773e+13;6,5752;1,100363524494102;10959216,05221359;81,88290;3,25;25920050000000;6,9638500000000;1,010577161668457;811467,128699212;58,10000;5,50000000000000;861337724900;0,938093821806140;3811290,37897623;101,4920513355540;0,28;1,85870e+12
2011-03-01;1,6352;1,109219433561339;1089224,957637846;3273,86;11,75;258418003000;28,4290;1,047505341137604;14722992,45694894;107,66300;5,25;4918200000000;44,6500;1,108009367855943;22908518,7376329;88,1970864467272;6,0000;1,638345e+13;6,5564;1,121354605720643;11465125,70460239;81,71854;3,25;26625550000000;6,7924500000000;1,033189346323448;838822,215964913;58,80000;5,50000000000000;883351715400;0,957312529913168;3889924,36634808;102,4817076386520;0,28;1,90940e+12
2011-04-01;1,5845;1,106289799111299;1086712,200000037;3299,07;12,00;254881493000;27,5022;1,058456756641920;14434822,29999960;108,12600;5,25;5071300000000;44,3800;0,995667493962497;20435000,0000008;88,6738274545474;6,0000;1,613644e+13;6,4990;1,122277552528222;11889589,99999946;81,80072;3,25;26676690000000;6,5923500000000;1,028092033882176;826404,999999753;59,00000;5,50000000000000;887219277900;0,953693627741403;3893028,00000000;103,1416313736640;0,23;1,91800e+12
2011-05-01;1,5950;1,101951998950485;1115774,043207262;3314,58;12,00;256145571000;28,0685;1,072945870467326;14817594,91527336;108,64500;5,50;5079800000000;45,0300;0,988667717206650;20231418,1873860;89,1505684623675;6,0000;1,606481e+13;6,4845;1,123444983844609;12126391,39594936;81,88290;3,25;26928960000000;6,8604000000000;1,035711155274584;842970,907680762;59,30000;5,50000000000000;880284929600;0,950072606962065;3915390,70431862;103,6268289495110;0,21;1,93420e+12
2011-06-01;1,5722;1,084004753006921;1102623,989104482;3319,55;12,25;260499957000;28,0758;1,070442226397648;15741910,12451157;108,89490;5,50;5192200000000;44,7200;1,034847890670887;20883976,4706210;90,1040504780078;6,0000;1,592367e+13;6,4716;1,126348777740920;12482112,75470203;82,12944;3,25;27466260000000;6,8163500000000;1,040015866651253;851487,616656289;59,60000;5,50000000000000;885001393800;0,966269312835400;3971412,13377942;103,5158480295150;0,22;1,95410e+12
2011-07-01;1,5651;1,074495028516494;1112334,199999648;3324,86;12,50;259274878000;27,6796;1,049076887731647;15745583,59999957;108,88400;5,50;5306600000000;44,1553;0,960677283912929;20294700,0000014;92,0110145092884;6,0000;1,581664e+13;6,4442;1,134170482273468;12656220,00000049;82,48972;3,25;27054570000000;6,7326000000000;1,029821696397214;848167,299999891;60,10000;5,50000000000000;899614648100;0,950420695683124;3927582,99999931;103,6075677981060;0,24;1,99450e+12
2011-08-01;1,5904;1,091380803933183;1142958,210950326;3337,16;12,50;255050276000;28,8569;1,119086264590248;16219071,79330252;108,62270;5,50;5343000000000;46,0190;0,948352257643813;20868672,2058478;92,4877555171086;6,0000;1,584324e+13;6,3867;1,128778869207138;13023306,05373727;82,72406;3,25;27339380000000;7,0375000000000;1,056377125860880;861527,899976375;60,10000;5,50000000000000;893359141700;0,958757425116691;3991103,75616282;103,8932748772670;0,29;2,10190e+12
2011-09-01;1,8291;1,090388106945515;1140575,123947353;3354,85;12,00;262523711000;31,8751;1,108213208119607;16516550,59546253;108,57920;5,25;5420400000000;48,9253;1,041898043505697;22321924,7892649;93,9179785405690;6,0000;1,582812e+13;6,3549;1,119230393387227;13440448,05243679;83,11464;3,25;26719320000000;8,0828000000000;1,052035755678407;865418,873689647;60,50000;5,50000000000000;903720437200;0,961071375596614;4005422,02190625;104,0510328792440;0,33;2,09910e+12
2011-10-01;1,6957;1,084672481998919;1160804,900000100;3369,28;11,50;260305090000;29,8977;1,150354695649131;16908795,39999980;109,10040;5,25;5420100000000;48,8730;1,046787334693775;22448500,0000000;94,3947195483892;6,0000;1,599546e+13;6,3233;1,121711132693685;13801209,99999942;83,19276;3,25;27655270000000;7,8300000000000;1,039530816595959;869309,799999877;60,90000;5,50000000000000;918907740600;0,975039258962933;4014287,99999995;103,8364086207410;0,37;2,12810e+12
2011-11-01;1,8494;1,102695219541094;1161702,803620385;3386,80;11,50;268690702000;31,3216;1,144741295413159;17285685,42167937;109,55860;5,25;5475200000000;52,1650;1,083378858884547;23361618,6915839;94,8714605562093;6,0000;1,615242e+13;6,3482;1,090654438517393;13100238,50741101;83,03652;3,25;28141640000000;8,3287500000000;1,050316498409231;879222,184746048;60,90000;5,50000000000000;942360366000;0,987062485137958;3978513,62740210;103,7488162417370;0,41;2,16440e+12
2011-12-01;1,8588;1,102601918873456;1142380,447072814;3403,73;11,00;292168445000;32,1961;1,180851876864018;18447818,54556492;110,04070;5,25;5938600000000;53,2600;1,141330227838102;24498402,6698485;94,4557223416773;6,0000;1,697815e+13;6,3009;1,076120394915836;12474369,14426673;83,27087;3,25;28984770000000;8,1429000000000;1,023138011203843;849520,122272799;61,10000;5,50000000000000;947269325800;0,996812258801101;3966026,11287826;103,4929180873680;0,49;2,20810e+12
2012-01-01;1,7509;1,094170472347744;1129474,199999736;3422,79;10,50;266624937000;30,3647;1,121412480593948;15182776,39999981;110,59090;5,25;5670700000000;49,6825;1,118800371933155;24185100,0000044;94,7883129133029;6,0000;1,672039e+13;6,3115;1,064762269145465;11735760,00000111;84,52071;3,25;27001040000000;7,7804000000000;1,012156486583287;847279,800000128;61,40000;5,50000000000000;950435046800;0,991840125835749;3960259,00000036;103,9483067384220;0,40;2,20920e+12
2012-02-01;1,7024;1,097983877812746;1146658,562919830;3438,19;10,50;263700653000;28,9503;1,126245190932825;15866782,13945549;111,00010;5,25;5713000000000;48,9408;1,137967466665478;24220757,7955276;95,2871987707413;7,7500;1,691581e+13;6,2919;1,091824473924518;12245059,87519533;84,44260;3,25;27031290000000;7,4310000000000;1,023385256027483;878918,822679569;61,70000;5,50000000000000;943257934500;0,994379159232031;4002947,70923788;104,4059883836910;0,30;2,19450e+12
2012-03-01;1,8334;1,069240863920083;1191215,831350148;3445,41;9,75;265172466000;29,3282;1,096582678033819;16902791,56753879;111,64390;5,25;5704300000000;51,1565;1,183791392574670;25313100,4366113;96,0355275568990;9,5000;1,737394e+13;6,2943;1,094025182641114;12785625,62608475;84,59883;3,25;27799810000000;7,6733000000000;1,029990956624876;896826,934436602;62,40000;5,50000000000000;964042353000;0,999345285395334;4042896,91106817;105,1989057831610;0,29;2,24600e+12
2012-04-01;1,8852;1,068232892853167;1183125,699999907;3467,46;9,00;266494252000;29,3627;1,119494571513445;16435995,60000021;111,99000;5,25;5831500000000;52,5193;1,136209284129446;23132000,0000038;97,3658898434015;9,2500;1,748423e+13;6,2787;1,078293019395351;13132059,99999991;84,52071;3,25;27498380000000;7,7446500000000;1,026236643500110;892323,699999671;62,70000;5,50000000000000;934182220500;0,997163997746842;4047164,99999992;105,5167147813290;0,29;2,26860e+12
2012-05-01;2,0078;1,064356666608768;1215914,209198902;3479,94;8,50;267179533000;32,4509;1,135394467513455;16907725,90290837;112,57230;5,25;5856400000000;56,4225;1,163290824396112;23876148,9685814;98,2805139153720;9,0000;1,750502e+13;6,3355;1,072673675743941;13378590,57772075;84,28637;3,25;27865631040000;8,5321500000000;1,039019081408473;907967,457824564;62,70000;5,50000000000000;955409740000;0,994176970595423;4072389,28044631;105,3928930937310;0,29;2,24840e+12
2012-06-01;2,0904;1,051360621541061;1207329,219976428;3482,72;8,50;273604994000;32,8169;1,098291081949001;17406529,82113153;113,57420;5,25;6003900000000;56,3090;1,090947098045320;23663875,5988094;99,4445809160616;9,0000;1,807961e+13;6,3249;1,087596576484631;13600049,02546058;83,81767;3,25;28752557660000;8,2028000000000;1,026094116992705;903251,621723759;63,00000;5,50000000000000;954229375900;1,003172809265469;4140183,56375395;105,2383452836550;0,32;2,27100e+12
2012-07-01;2,0313;1,042135125584634;1230448,800000033;3497,70;8,00;273823647000;32,1900;1,110639020874000;17715787,89999992;114,97120;5,25;5976300000000;55,8070;1,023624075655230;23569500,0000009;100,9412384883770;9,0000;1,739804e+13;6,3320;1,073847296315442;13808959,99999968;83,89579;3,25;28309070000000;8,1819000000000;1,023941487423408;903428,399999978;63,00000;5,30769230769231;987670637800;0,979578380311330;4086345,99999976;105,0668293163900;0,30;2,31460e+12
2012-08-01;2,0513;1,047619470632523;1259807,193060367;3512,04;7,50;275496620000;32,2934;1,128312445903982;18301495,93303553;115,08610;5,25;5980000000000;55,7215;1,025960740819750;23976155,5211497;102,1884531319730;9,0000;1,756866e+13;6,3449;1,066373583351825;14239258,32872487;84,44312;3,25;28573930000000;8,4118000000000;1,034931236083699;910543,446725268;63,30000;5,00000000000000;992920413400;0,977749340258101;4153103,31862936;105,6515428411570;0,26;2,33460e+12
2012-09-01;2,0311;1,031403929746869;1241787,185121672;3532,06;7,50;283624015000;30,9169;1,080262927950788;18183186,43688758;115,71910;5,50;5969200000000;52,6970;1,022444232286832;24461404,9137098;103,1030772039440;9,0000;1,746871e+13;6,3410;1,066362794603310;14707105,44560585;84,70231;3,25;28678820000000;8,3051500000000;1,021426295214571;908662,392031470;63,80000;5,00000000000000;1005768161000;0,976134642842022;4164071,48840299;106,1229824517150;0,24;2,35800e+12
2012-10-01;2,0323;1,038802302791874;1271711,300000132;3552,90;7,25;281894017000;31,5252;1,096364355572763;18768889,70000014;116,25140;5,50;5931300000000;54,1175;1,015751851674822;25483799,9999978;103,8514059901010;9,0000;1,733798e+13;6,3002;1,058354199816945;15181200,00000091;84,61381;3,25;29331170000000;8,6761000000000;1,015623938300230;923353,100000092;64,20000;5,00000000000000;1002020543300;0,987274735770768;4160200,99999987;106,0817085558490;0,23;2,41620e+12
2012-11-01;2,0991;1,036528920090427;1260042,307008030;3574,22;7,25;296879634000;31,0565;1,084661578410134;19183236,84460087;116,64670;5,50;5975400000000;54,5265;0,990961038794598;25187614,0580875;104,2671442046330;9,0000;1,794791e+13;6,2892;1,033085455608749;14461605,61725194;84,75506;3,25;29688300000000;8,8194000000000;1,027186886454236;939092,533563708;64,40000;5,00000000000000;1033097964000;1,002585458639726;4128148,47852748;105,5790842239700;0,23;2,41520e+12
2012-12-01;2,0483;1,030580297786563;1223504,753172221;3602,46;7,25;333485628000;30,3727;1,105812567192082;19990206,14090821;117,27660;8,25;6430100000000;54,7773;1,021061097914047;26856634,5387255;104,4334394904460;9,0000;1,812874e+13;6,2896;1,034500856230251;13723210,91058014;85,37871;3,25;30867300000000;8,5011500000000;1,007585255843276;909693,652105737;64,60000;5,00000000000000;1035141814200;1,004761737161555;4102895,70108546;105,2947529413380;0,24;2,50970e+12
2013-01-01;1,9900;1,049162427140612;1241613,400000089;3633,44;7,25;295955770000;30,0277;1,047912960139637;16370002,90000055;118,41420;8,25;6078900000000;53,2890;1,020457997104084;27254800,0000038;104,6000000000000;9,0000;1,804053e+13;6,2795;1,016723052399579;12944960,00000079;86,23212;3,25;31122854570000;8,9541000000000;1,007761061359360;914543,099999893;64,80000;5,00000000000000;1024597884900;0,993747750206942;4065317,99999940;105,6061415557050;0,23;2,48130e+12
2013-02-01;1,9807;1,019696658226591;1242145,418054606;3655,24;7,25;295465665000;30,6202;1,026536213467906;16722220,21214987;119,07730;8,25;6140900000000;53,7735;1,023935489343526;26306233,1578147;105,3000000000000;8,7500;1,842267e+13;6,2779;1,011134786994527;13427987,68447065;87,18035;3,25;29610323720000;8,9485000000000;1,003657029857066;938488,653612309;65,40000;5,00000000000000;1024512503700;0,987123568147643;4113614,66316796;106,4710589735180;0,22;2,45570e+12
2013-03-01;2,0185;1,012712135954981;1290840,089580224;3672,42;7,25;302533983000;31,0834;1,038184912395565;18225229,69380022;119,48210;8,25;6181400000000;54,3893;1,113013032343017;27663511,4301375;105,3000000000000;8,6500;1,897526e+13;6,2742;1,005059055721297;13846111,72366378;86,39648;3,25;31089829310000;9,1979000000000;1,010656748239450;959277,722830471;66,20000;5,00000000000000;1048657506400;0,985657977198151;4159179,64629966;106,7494284711920;0,21;2,49720e+12
2013-04-01;2,0001;1,037587795118502;1322579,700000039;3692,62;7,50;297020509000;31,2559;1,020818911925477;17507881,79999977;120,09150;8,25;6353500000000;54,2190;1,121159002751393;25653700,0000008;106,1000000000000;8,5000;1,901576e+13;6,2208;1,000914049806772;14351870,00000072;86,56728;3,25;30764842020000;8,9753500000000;1,028243942461233;968387,699999857;66,30000;5,00000000000000;1059042828900;0,982033028625241;4177428,00000023;106,6384475511970;0,20;2,54230e+12
2013-05-01;2,0894;1,020382954895501;1336067,061655405;3706,28;8,00;302852163000;31,5893;1,045397631722314;18286213,57341076;120,88410;8,25;6348800000000;56,4958;1,117895601939840;26318509,1166729;106,9000000000000;8,2500;1,923190e+13;6,1796;1,008002340939505;14627407,51500972;86,04879;3,25;31020447840000;10,1457500000000;1,026997334415868;977651,616701775;66,20000;5,00000000000000;1065188518400;0,984134483593963;4216093,01240849;106,8283074721800;0,20;2,51850e+12
2013-06-01;2,2185;1,023399085834346;1329608,577512110;3715,92;8,00;310759832000;32,7090;1,002070248290475;18536531,98910680;121,39180;8,25;6470300000000;59,6995;1,063713680399548;26066202,4340281;109,3000000000000;8,2500;1,971440e+13;6,1779;0,999678082209443;14890408,12886642;86,04879;3,25;31349982000000;10,0891500000000;1,011411397007433;971764,275024020;66,40000;5,00000000000000;1103206962400;0,999851776004542;4298139,66809593;107,0846642253920;0,19;2,52350e+12
2013-07-01;2,2609;1,028542354612581;1354134,100000131;3717,03;8,50;304941433000;32,8901;1,020245190838389;19003469,30000019;122,38720;8,25;6480100000000;61,1150;1,080648341483015;26862000,0000034;111,0000000000000;9,2500;1,907548e+13;6,1770;1,007637409621012;15222270,00000091;86,13388;3,25;31059646350000;9,8699000000000;1,020824718273759;980870,499999930;67,10000;5,00000000000000;1116216484000;0,979057330878871;4249371,00000084;107,1268553189440;0,14;2,54370e+12
2013-08-01;2,3578;1,028905175096207;1382005,611725751;3725,95;9,00;308211808000;33,2474;0,999295875156932;18959752,92219122;122,55860;8,25;6509800000000;66,5742;1,029027222433900;27596873,0264774;112,4000000000000;10,2500;1,903625e+13;6,1709;1,013617349532773;15771897,92395540;86,56716;3,25;31408590830000;10,3185000000000;1,021708877969923;983858,761064498;67,30000;5,00000000000000;1105929820800;0,984727946268229;4334947,14964595;107,2557215938140;0,12;2,53740e+12
2013-09-01;2,2571;1,036898470150169;1383199,942043449;3738,99;9,00;311800042000;32,3451;0,998605987708929;19525280,44061022;122,81590;5,50;6414400000000;62,7770;1,030447455683301;28462748,7279165;113,7000000000000;9,8750;1,910508e+13;6,1480;1,011768974248906;16265171,50912684;87,25710;3,25;31233034330000;10,0487500000000;1,006394234205190;981007,519406635;67,60000;5,00000000000000;1122264082800;0,982669854531553;4343893,88657127;107,3804604790980;0,11;2,55580e+12
2013-10-01;2,1804;1,046602278136876;1413291,799999991;3760,30;9,50;308363436000;32,0613;1,015938599544045;20104347,10000014;123,51600;5,50;6419000000000;61,4100;1,039598241413060;29210699,9999976;114,8000000000000;9,1250;1,929444e+13;6,1412;1,019381819577256;16777230,00000037;87,34471;3,25;31950938000000;9,8617000000000;1,016014852851856;1004829,000000072;67,80000;5,00000000000000;1121296955600;0,998002638659358;4351080,99999952;107,1039253767960;0,12;2,61840e+12
2013-11-01;2,3040;1,046033854351444;1405345,929963570;3780,61;10,00;325398936000;33,1916;1,039541437044753;20915347,64427825;124,20770;5,50;6564100000000;62,3948;0,963083880563617;28755240,4292428;116,3000000000000;8,7500;1,963673e+13;6,1330;1,000961502261162;15886472,29513217;87,25703;3,25;32482192280000;10,1608000000000;1,025185870445864;1015096,241593760;67,90000;5,00000000000000;1137250352200;1,004295716892481;4303287,40861257;106,8851737287070;0,12;2,60720e+12
2013-12-01;2,3538;1,022653171406068;1364439,720837363;3815,39;10,00;354650948000;32,7292;1,080670973146340;22254360,21668468;124,84110;5,50;6985600000000;61,8970;0,996203996088339;30160178,6844190;114,5000000000000;8,7500;1,989686e+13;6,1024;0,991979838698942;14995712,26221646;87,51881;3,25;33729105050000;10,4898500000000;1,011369032925669;989536,997484058;68,00000;5,00000000000000;1132038944800;0,997384784647986;4255554,29293697;106,8760017518480;0,14;2,71570e+12
2014-01-01;2,4224;1,044150795283742;1385982,199999818;3836,37;10,50;323274695000;35,2448;0,974610605399769;17311393,60000071;125,57770;5,50;6663100000000;62,4768;0,981078627175092;30608700,0000069;113,6000000000000;8,8000;2,008319e+13;6,1050;0,978557348821156;14075980,00000101;88,39396;3,25;31490055250000;11,2801500000000;1,007566216945008;991281,799999989;68,50000;5,03846153846154;1120567699300;0,978195711470191;4203940,00000003;107,2736069486900;0,12;2,70170e+12
2014-02-01;2,3436;1,035557285774785;1396771,649007052;3862,84;10,75;326389329000;36,0501;0,965600586955825;18006327,60347209;126,45670;5,50;6699900000000;62,0720;0,969122922468376;29766703,7834979;113,6000000000000;9,0000;2,019186e+13;6,1214;0,977219108322935;14584146,87251031;88,84220;3,25;31662511390000;10,7130000000000;0,997497665451867;1011863,763413115;69,20000;5,50000000000000;1123394787100;0,978920442681339;4272375,96302790;107,6702949478460;0,13;2,70620e+12
2014-03-01;2,2603;1,010297155227962;1417627,172431346;3898,38;10,75;321036411000;35,6871;0,963181303729340;19134502,19278038;127,74660;7,00;6608200000000;60,0998;1,081307336945505;30994729,1413883;114,2000000000000;9,0000;2,059762e+13;6,1521;0,983246588330622;15125949,83009000;88,39396;3,25;32768374480000;10,5792000000000;1,005284020973252;1028500,181003201;70,10000;5,50000000000000;1217286369600;0,992831678997041;4348456,16894643;108,3636963983940;0,12;2,77330e+12
2014-04-01;2,2199;1,019896188480979;1422322,899999884;3924,50;11,00;320332877000;35,6983;0,986576795767476;19044189,40000089;128,89630;7,50;6776800000000;60,3375;1,059279898466740;29143900,0000092;115,1000000000000;9,0000;2,120628e+13;6,1580;0,984472672961954;15648960,00000000;88,03536;3,25;32448251990000;10,5493000000000;1,010012381799599;1030616,699999976;70,50000;5,50000000000000;1183665549900;0,989623668407161;4360753,99999967;108,7209448970560;0,12;2,80960e+12
2014-05-01;2,2384;1,009130491698035;1443979,241765564;3942,55;11,00;314796451000;34,7352;0,967569592001598;19151503,00928843;130,05640;7,50;6763100000000;59,0335;1,069553512568280;30019722,6731565;115,8000000000000;9,0000;2,157386e+13;6,1687;0,984502639958370;15948796,61666583;88,12501;3,25;32783525000000;10,4359000000000;1,008897089896126;1041860,036116239;70,70000;5,50000000000000;1187800494200;0,992269465434002;4408536,09127730;109,1006647390230;0,11;2,78220e+12
2014-06-01;2,2019;1,003563447517122;1427654,622611951;3958,32;11,00;317270689000;33,6306;0,984878377276201;20098219,72908074;130,86270;7,50;6763500000000;60,0933;1,089516889864660;30083244,3315308;116,7000000000000;9,0000;2,147674e+13;6,1528;0,992489777743004;16267415,82766243;88,03536;3,25;34148740000000;10,6025000000000;1,015650536828842;1046632,629589210;70,90000;5,50000000000000;1201922783900;1,007250326042041;4492993,41801848;109,3038240264520;0,11;2,82480e+12
2014-07-01;2,2447;1,005773150339443;1462125,500000042;3958,72;11,00;313720506000;35,7271;0,986103397429671;20544004,19999961;131,50400;8,00;6871200000000;60,2460;1,064513573180389;30539799,9999990;119,2000000000000;9,0000;2,107530e+13;6,1675;0,996713105315511;16548469,99999989;88,03536;3,25;33134730000000;10,7041000000000;1,013613361640982;1046828,399999972;71,50000;5,61111111111111;1227862956000;0,993303985167809;4454941,99999983;109,2611743340570;0,13;2,84120e+12
2014-08-01;2,2499;1,000056130542652;1477844,046927406;3968,62;11,00;317892917000;36,9316;0,967051438634713;20540293,46327782;131,81960;8,00;6964100000000;60,4745;1,029631602391299;30867096,5722753;120,3000000000000;9,0000;2,110396e+13;6,1647;0,991042168698267;16955578,11889734;88,21466;3,25;33202322510000;10,6261500000000;1,015551318462665;1050777,232838230;71,70000;5,75000000000000;1233127106400;0,995947746670887;4525162,14714563;109,0786519945610;0,13;2,79020e+12
2014-09-01;2,4522;1,024374052880112;1487368,818142583;3991,24;11,00;325937821000;39,3866;0,994527359652688;21335371,68893465;132,67640;8,00;6959300000000;61,6135;1,034954856833743;32072182,2982012;120,1000000000000;9,0000;2,114241e+13;6,1525;0,995398447147468;17563054,36345097;88,66290;3,25;32722020790000;11,3346500000000;1,015574406675156;1055041,859927154;71,70000;5,75000000000000;1262157719900;0,995648689170468;4529227,35857805;109,1607411874500;0,12;2,83460e+12
2014-10-01;2,4119;1,019950842476347;1508522,499999994;4008,00;11,25;324782470000;43,3943;1,016233925801535;22130452,90000009;133,76440;8,00;6907600000000;61,4080;0,968816589752401;31849200,0000047;120,1000000000000;9,0000;2,149306e+13;6,1461;0,998141022543483;18082890,00000051;88,66290;3,25;32961773210000;10,9209000000000;1,007960323172148;1065146,199999874;71,80000;5,75000000000000;1226571683200;1,006327220321608;4531051,99999990;108,8864990793630;0,12;2,86500e+12
2014-11-01;2,5237;1,019175078215894;1485094,261933429;4028,44;11,25;338309402000;47,6629;0,974331905786036;21676799,79487199;135,47650;9,50;6920000000000;61,9736;0,988272270106375;32500065,2928347;120,1000000000000;9,0000;2,169896e+13;6,1354;0,974480430660589;17072563,02307824;88,39396;3,25;33511413470000;10,9735000000000;1,010894067768476;1073072,557898859;71,80000;5,75000000000000;1298600719000;1,006602126033642;4494468,33333845;108,2985753626940;0,13;2,86110e+12
2014-12-01;2,6562;1,013531247115625;1448837,408974596;4059,86;11,75;363361535000;56,2584;1,057148267380610;23551814,22616355;139,02600;17,00;7171500000000;63,3315;0,982931244558686;33347445,0099892;119,4000000000000;9,0000;2,188576e+13;6,1190;0,973300817192094;16137381,60914621;88,75256;3,25;34805640890000;11,5809500000000;1,011065234172062;1057325,117521449;71,70000;5,75000000000000;1241271859500;0,993744425776289;4439925,85438606;107,6845115119770;0,15;2,99200e+12
2015-01-01;2,5960;1,003108273641890;1456653,700000163;4110,20;12,25;333454078000;68,9291;0,963779763662938;18467912,80000072;144,37850;17,00;6700300000000;61,7575;0,956256884506106;33146699,9999971;119,5000000000000;8,8500;2,188417e+13;6,1370;0,956262153206867;15113790,00000050;89,02150;3,25;34810950220000;11,5895000000000;1,003344736952049;1058149,599999908;71,60000;5,75000000000000;1237106132600;0,982285559125729;4389972,99999984;107,1777597905120;0,16;2,94110e+12
2015-02-01;2,8728;0,996951558871763;1452588,151777213;4160,34;12,25;330708611000;61,2718;0,954134836952275;18891100,10935454;147,58370;15,00;6671900000000;61,7908;0,996447368358563;32743655,4907270;119,7000000000000;8,7500;2,234996e+13;6,1475;0,963319868782511;15696774,06259992;90,09729;3,25;33443920000000;11,6244000000000;1,008410289549486;1086007,959641507;72,10000;5,75000000000000;1256530482800;0,985950769382636;4447778,33434576;107,6432376161110;0,15;2,97960e+12
2015-03-01;3,1915;0,979514652434996;1490946,093846449;4215,26;12,75;327928960000;58,4643;0,953263561763598;20383849,30734134;149,36950;14,00;6540900000000;62,5908;1,051433038897288;34240316,0416214;120,2000000000000;8,5000;2,292404e+13;6,1422;0,973123885652829;16228911,23984891;89,55939;3,25;33721050000000;12,1768000000000;1,022192909337099;1111499,109386244;73,00000;5,75000000000000;1305821915600;0,999874557814569;4528324,14714643;108,2839001997200;0,14;3,02390e+12
2015-04-01;2,9375;0,953645023265018;1479965,099999755;4245,19;13,25;319444733000;51,7029;0,958737888657089;19751014,99999968;150,05660;14,00;6619600000000;63,5780;1,020392429850614;32435400,0000016;120,7000000000000;8,5000;2,336014e+13;6,1137;0,973094906397407;16854970,00000023;89,38010;3,25;33638820000000;11,8266000000000;1,012703313114493;1106056,499999958;73,70000;5,75000000000000;1301067835400;0,998718827501409;4556247,99999953;108,5040276443380;0,13;3,03540e+12
2015-05-01;3,1748;0,951233605199989;1495305,626434327;4276,60;13,25;318441737000;52,9716;0,943809541251536;20078197,68455680;150,58180;12,50;6576800000000;63,7615;1,042340800392334;33246589,2409112;121,6000000000000;8,5000;2,366302e+13;6,1196;0,976236015753165;17133658,32290004;89,20080;3,25;34308590000000;12,1810000000000;1,012753556415506;1112597,894587207;73,80000;5,75000000000000;1306160911100;0,994508163060176;4587554,30471719;109,0570978489420;0,15;2,97590e+12
2015-06-01;3,1390;0,955055580017640;1496329,882713964;4310,39;13,75;318619292000;55,5240;0,984409828377640;21407248,82200025;150,86790;11,50;6659500000000;63,7549;1,047775568283683;33297886,3747033;123,0000000000000;8,2500;2,344883e+13;6,1136;0,976182172250125;17443665,27794277;89,20080;3,25;35608286000000;12,1983000000000;1,014213879589087;1112510,793557825;74,20000;5,75000000000000;1312159284600;1,000988585525064;4641073,71412998;109,4391106851240;0,18;3,02070e+12
2015-07-01;3,3652;0,950550902875520;1508228,200000175;4337,11;14,25;312043132000;58,9906;0,975496568157389;21788589,39999926;152,07480;11,50;6759500000000;64,0054;1,033465942579986;33558800,0000030;123,6000000000000;8,2500;2,332047e+13;6,1172;0,973098825595070;17659770,00000018;89,55939;3,25;35312219380000;12,6556000000000;1,009382253427922;1115422,599999616;74,80000;5,81250000000000;1346961123900;0,987096256702274;4605088,00000031;109,4464482666110;0,19;3,03840e+12
2015-08-01;3,5790;0,946166352248909;1526172,471800376;4346,65;14,25;310097600000;66,4779;0,994825216962737;22029460,94667543;152,60710;11,00;6785700000000;66,3062;1,019765549793132;33860861,8131136;124,8000000000000;8,2500;2,340524e+13;6,3893;0,972129870781480;18206860,67062807;90,00764;3,25;36279370000000;13,3430500000000;1,011941041747524;1118215,857996329;74,90000;6,00000000000000;1339886634900;0,985325407020024;4664208,73990860;109,2914418576920;0,26;3,02230e+12
2015-09-01;4,1172;0,953154851816936;1529277,691762780;4370,12;14,25;308941546000;66,2367;0,981226786994493;22554649,82739517;153,47700;11,00;6744900000000;65,7418;1,024571113341972;34293931,7979365;125,4000000000000;8,2500;2,349066e+13;6,3613;0,965056672445192;18722669,04137827;90,09729;3,25;36441690000000;13,8790000000000;1,019528976151752;1131268,035606053;74,90000;6,00000000000000;1353925757300;0,979731409437202;4640415,02546699;109,1213016869560;0,27;3,01630e+12
2015-10-01;3,9328;0,954758716214847;1550940,100000298;4405,95;14,25;311859455000;64,3742;0,989710251239006;23079842,90000070;154,61270;11,00;6786900000000;65,2231;0,999551170431405;34766300,0000013;126,1000000000000;7,7500;2,403035e+13;6,3495;0,966864317782706;19257290,00000057;89,73869;3,25;37580644970000;13,8026500000000;1,005431625637962;1141163,900000035;75,10000;6,00000000000000;1363972412600;0,990689165182924;4654714,99999994;109,0722316107600;0,25;3,01190e+12
2015-11-01;3,7081;0,948095535435051;1528420,410141483;4450,45;14,25;323866983000;66,2393;0,954933819995685;22832392,05563206;155,77230;11,00;6786600000000;66,8148;0,959036532420704;34715184,3969748;126,6000000000000;7,7500;2,422625e+13;6,3976;0,957262774637228;18291117,49285200;89,73869;2,90;38761830000000;14,4417000000000;1,011238959957932;1151369,473639184;75,20000;6,08333333333333;1436679234100;0,991455335063094;4594931,78286605;108,8420149915960;0,30;3,05620e+12
2015-12-01;3,9048;0,948311559716759;1496710,010519948;4493,17;14,25;347220589000;72,8827;0,991128042461281;24155440,44164130;156,97170;11,00;7239100000000;66,3260;0,989724421160877;36498268,5931863;126,1000000000000;7,7500;2,458154e+13;6,4915;0,953835934477002;17268618,76301789;90,18694;2,90;40095340000000;15,5450000000000;1,007567826658302;1136165,239996124;75,40000;6,25000000000000;1428504360600;0,984614310981104;4532253,10780961;108,4700913299600;0,54;3,14110e+12
2016-01-01;4,0838;0,933426578808510;1500319,300000109;4550,23;14,25;321522785000;75,1723;0,945490916919198;18885121,10000139;158,47870;11,00;7055100000000;67,8763;0,998892473468993;36958100,0000031;126,3000000000000;7,7500;2,441547e+13;6,5763;0,946738147374272;16240999,99999988;90,63519;2,90;41268563950000;16,0758500000000;1,002740491537528;1136270,399999995;76,00000;6,27380952380952;1445289491700;0,977943213352822;4496788,00000001;108,6494034775550;0,57;3,09400e+12
2016-02-01;3,9578;0,929205708910477;1512045,217175643;4591,18;14,25;319261836000;75,0903;0,937721620645473;19754984,30285016;159,47710;11,00;7149800000000;68,6160;1,034960607733185;36880483,0300607;126,0000000000000;7,7500;2,525548e+13;6,5476;0,959137121240897;16856813,09757295;92,06957;2,90;39250469630000;16,0610000000000;1,015874429978770;1173058,079609379;77,10000;6,75000000000000;1416193716200;0,980205126287227;4559972,02558441;108,7388302519310;0,54;3,09660e+12
2016-03-01;3,6110;0,932627781171017;1548997,630220615;4610,92;14,25;313677641000;67,6076;0,954296613884644;21328865,18406412;160,21070;11,00;7142900000000;66,3329;1,093639093339753;38217820,1287459;126,0000000000000;7,7500;2,602538e+13;6,4673;0,969696526485999;17567681,16077935;91,62132;2,90;41158131430000;14,7321000000000;1,022976543286098;1193905,570890469;77,70000;6,83333333333333;1490171722500;0,985172291746396;4616593,31329375;109,2070596705880;0,55;3,17980e+12
2016-04-01;3,4986;0,938089999984240;1559070,999999922;4639,05;14,25;316640864000;64,3334;0,923187069251308;20452234,59999958;160,91560;11,00;7301500000000;66,5176;1,076917489962449;36397700,0000021;127,3000000000000;7,1500;2,671297e+13;6,4846;0,965028295714438;18140820,00000001;91,44202;2,90;41350484000000;14,1679500000000;1,026356790018205;1200075,499999790;78,50000;7,00000000000000;1449868646600;0,987586097677701;4666050,99999979;109,7248177642850;0,55;3,23450e+12
2016-05-01;3,5991;0,926258313945956;1567020,558534438;4675,23;14,25;314364643000;66,0825;0,941021228756118;20771237,09116739;161,57530;11,00;7296800000000;67,2030;1,090068918274954;37643567,1999333;128,6000000000000;7,0000;2,654665e+13;6,5847;0,969271206994263;18460872,70264547;91,08343;2,90;42425070190000;15,7881000000000;1,027173001361228;1207022,214347347;78,60000;7,00000000000000;1436986995900;0,978198486072077;4689325,14401629;110,1687414442650;0,57;3,23480e+12
2016-06-01;3,2429;0,934192807028435;1572441,200693795;4691,59;14,25;315458133000;64,2575;0,951340944507974;22092109,92963502;162,15700;10,50;7372700000000;67,6166;1,055802004797315;37618588,3950414;130,1000000000000;7,0000;2,665297e+13;6,6445;0,967533940520515;18793473,97993951;90,90413;2,90;44364370020000;14,7751500000000;1,022432532280727;1209392,264136265;79,00000;7,00000000000000;1436672076400;0,986294805461387;4763522,68115580;110,5305759313570;0,55;3,24700e+12
2016-07-01;3,2734;0,916471586969030;1577171,600000144;4715,99;14,25;313978056000;67,0512;0,936386102875963;22235115,20000066;163,03270;10,50;7462400000000;67,0340;1,016382921705903;37541200,0000082;131,1000000000000;7,0000;2,648781e+13;6,6532;0,969738142214625;19101060,00000005;91,08343;2,90;44293443080000;14,1508500000000;1,015724710743643;1204502,599999747;79,70000;7,00000000000000;1451769178000;0,967864418199479;4720618,00000035;110,3517223826040;0,62;3,24470e+12
2016-08-01;3,2397;0,926437421114915;1606070,278299767;4736,74;14,25;313375647000;64,9072;0,970344771053986;22946252,54130349;163,04900;10,50;7438500000000;66,9813;0,997072987367103;37887396,8070548;131,1000000000000;7,0000;2,683288e+13;6,6788;0,980450191177208;19802901,24808534;91,17308;2,90;45454359870000;14,5349000000000;1,022179775613324;1208763,290796170;79,60000;7,00000000000000;1469582844300;0,967068436992429;4782272,77617812;110,4530727268970;0,73;3,31900e+12
2016-09-01;3,2456;0,929068388284791;1616928,945271308;4740,53;14,25;323287076000;63,1581;0,938894768217960;23305387,41362303;163,32620;10,00;7412200000000;66,6596;1,004645775572198;38390807,9339435;130,9000000000000;7,0000;2,828550e+13;6,6704;0,977337616873841;20473476,19892514;91,80062;2,90;45434025000000;13,8876000000000;1,019683550325499;1217127,762021588;79,70000;7,00000000000000;1465062743800;0,966293498936630;4791446,90608495;110,7186014569680;0,75;3,29640e+12
2016-10-01;3,1805;0,931854363231717;1632766,200000349;4752,86;14,00;322983773000;62,9037;0,949561068998325;24043612,80000028;164,02850;10,00;7339100000000;66,8566;1,005666692871149;38750099,9999993;131,4000000000000;6,7500;2,758707e+13;6,7699;0,987256919695739;21156619,99999997;91,71098;2,90;46544664750000;13,8450500000000;1,007039235960880;1218705,999999852;80,10000;7,00000000000000;1518266049900;0,982731694753703;4811649,00000009;110,8566397086980;0,72;3,32770e+12
2016-11-01;3,3961;0,939422160415014;1619220,035159717;4761,42;14,00;332706192000;64,9449;0,974624997124690;24267549,23511278;164,75020;10,00;7317200000000;68,5260;0,957372237187548;38763677,4458062;131,2000000000000;6,7500;2,103120e+13;6,8858;0,980273283662064;20174855,70034542;91,80062;2,90;47540554150000;14,0018000000000;1,019156014356359;1233732,460888353;80,40000;7,00000000000000;1610126894100;0,987311569132684;4747911,09218497;110,6842065437470;0,71;3,32850e+12
2016-12-01;3,2585;0,935819171420815;1584388,862380478;4775,70;13,75;363028546000;60,6569;0,984494709751242;25114273,62473487;165,40920;10,00;7714800000000;67,9547;0,987931478942996;40257718,5913861;130,4000000000000;6,7500;1,994573e+13;6,9498;0,987136446705862;19174351,28110145;91,97992;2,90;48655723740000;13,6844500000000;1,003321737479671;1208513,520080026;80,70000;7,00000000000000;1606911372400;0,984910018934356;4690310,79683029;110,7204358523400;0,87;3,38400e+12
2017-01-01;3,1264;0,932047407333949;1585584,500000061;4793,85;13,00;326435805000;60,1618;0,969123460149973;20586119,09999941;166,43470;10,00;7543700000000;67,8125;1,017722754860883;41227700,0000000;130,3000000000000;6,7500;2,096933e+13;6,8803;0,991738140248257;18186770,00000115;92,96606;2,90;47252645000000;13,4515000000000;0,997330831580420;1207915,799999914;81,20000;7,00000000000000;1604181206700;0,971909420028327;4647311,00000014;111,3656844243780;0,90;3,38860e+12
2017-02-01;3,0987;0,936098456799759;1594891,093746065;4809,67;12,25;333845630000;57,9371;0,942144682379887;20587667,28833504;166,80090;10,00;7587400000000;66,7375;1,024401072209216;40656045,7231661;130,6000000000000;6,7500;2,251020e+13;6,8692;0,997607773534277;18864261,00872254;92,78676;2,90;47652759520000;13,0248500000000;1,004108980674880;1238593,261830295;82,10000;7,00000000000000;1577975058500;0,975830350970726;4732153,21342716;111,7160539403960;0,87;3,35800e+12
2017-03-01;3,1678;0,933623929264947;1637008,542320682;4821,69;12,25;325270676000;56,3779;0,961076142043481;22714803,50379917;167,01770;9,75;7610300000000;64,8386;1,074137932534566;42233031,2441037;130,8000000000000;6,7500;2,681957e+13;6,8910;1,009966034669531;19604761,25409599;92,51781;2,90;48877010000000;13,2735500000000;1,015111619906685;1267061,496296581;82,50000;7,00000000000000;1603405716200;0,984716337365360;4808334,51864386;111,8068565113010;0,98;3,47730e+12
2017-04-01;3,1978;0,936921059228074;1630637,599999807;4828,44;11,25;327570800000;56,9838;0,957399702218080;21917573,80000065;167,56890;9,75;7775300000000;64,2170;1,039683507660195;40089199,9999936;131,1000000000000;6,5000;2,610926e+13;6,8977;1,001403052265145;20195029,99999960;92,51781;2,90;49018041970000;13,2424000000000;1,016810040195717;1266805,699999999;82,60000;7,00000000000000;1582114051000;0,984299792724824;4857935,99999962;112,1384234747580;1,03;3,48910e+12
2017-05-01;3,2431;0,937020586435027;1656582,586192125;4843,41;11,25;326537000000;56,5168;0,974152148232806;22553886,31747827;168,18890;9,25;7813300000000;64,5459;1,054168681036212;41583712,0623631;131,4000000000000;6,5000;2,621996e+13;6,8289;1,004829043535411;20558368,73562023;92,60746;2,90;49638978000000;13,1298500000000;1,026002589731400;1283908,895623265;82,80000;7,00000000000000;1582829412400;0,979230380759738;4900050,34860449;112,2342706329350;1,05;3,51710e+12
2017-06-01;3,3076;0,926908827444240;1644281,916130745;4832,27;10,25;333582469000;59,0855;0,967360223491119;23853602,30508713;169,21480;9,00;7946900000000;64,7379;1,028985952613990;41296424,4993463;132,1000000000000;6,5000;2,701005e+13;6,7820;1,006921946325528;20990627,52606297;92,42816;2,90;51022816600000;13,0624500000000;1,026739065882189;1288070,710823480;83,00000;7,00000000000000;1601588758200;0,986962629553484;4966480,32974945;112,3360795760710;1,16;3,52770e+12
2017-07-01;3,1301;0,921072955154575;1648630,700000129;4843,87;9,25;333533428000;59,5436;0,941489290256904;23718216,20000020;169,33330;9,00;8034200000000;64,0773;1,014357461913408;41572500,0000019;134,2000000000000;6,5000;2,688838e+13;6,7265;1,015079048501360;21278929,99999987;92,33852;2,90;51048457750000;13,0195000000000;1,023097167102888;1288602,900000108;83,10000;6,91666666666667;1628255753500;0,970150754223573;4920944,00000011;112,2585763716120;1,22;3,54820e+12
2017-08-01;3,1465;0,932704287763238;1684305,904309989;4853,07;9,25;330016863000;58,7306;0,975976507344432;24596249,69816403;168,41890;9,00;8066800000000;64,0154;1,025233612514128;42615681,1573351;135,4000000000000;6,2500;2,727695e+13;6,5957;1,018004360718604;22012641,40559936;92,78676;2,90;51811392980000;13,0718954248366;1,031302244209053;1299461,064489590;83,20000;6,75000000000000;1636840443600;0,973465205538385;4989666,93937259;112,5947293234980;1,25;3,58860e+12
2017-09-01;3,1674;0,942287165779686;1693506,257399113;4860,83;8,25;335224186000;58,0169;0,960536041297342;25176437,48196043;168,16630;8,50;8089500000000;65,3552;1,027702862370796;43226514,8408428;135,2000000000000;6,2500;2,873034e+13;6,6481;1,022394756949346;22809026,70114681;93,32465;2,90;51786303730000;13,4952766531714;1,023402667303422;1304006,561513255;83,60000;6,75000000000000;1652874306800;0,976545639432776;5001650,92014038;113,1909078193400;1,25;3,54220e+12
2017-10-01;3,2763;0,948999751452681;1720626,199999817;4881,25;7,50;334125389000;57,8716;0,976805033395401;25621245,20000067;168,50260;8,25;8071500000000;64,7745;0,998155989558462;43391899,9999971;136,1000000000000;6,2500;2,824911e+13;6,6285;1,031140680140612;23542870,00000054;93,41431;2,90;52597719040000;14,1043723554302;1,020105859100931;1314865,499999970;83,90000;6,75000000000000;1655018921600;0,994884473680389;5050987,00000078;113,1193663998390;1,26;3,60160e+12
2017-11-01;3,2610;0,958113355481503;1708160,637216065;4894,92;7,50;348897769000;58,3311;0,990268424252057;25822388,52509188;168,87330;8,25;8073900000000;64,4332;1,018297880970019;44293207,0672154;137,6000000000000;6,2500;2,831074e+13;6,6073;1,021764679610038;22415853,68735653;93,41431;2,90;53556504950000;13,6239782016349;1,017229959272371;1316808,542830697;83,90000;6,75000000000000;1692079360000;1,007345693358906;5009301,09117217;113,1221179928960;1,32;3,60330e+12
2017-12-01;3,3074;0,956564383509382;1677224,061441449;4916,46;7,00;383839562000;57,6002;1,011573771899353;26524473,35939693;169,58260;7,75;8446000000000;63,9273;1,030130188927043;45233820,6170915;137,2000000000000;6,2500;2,886325e+13;6,5116;1,028445437746915;21301425,85412145;93,68325;2,90;54379014520000;12,3152709359606;0,995192036330261;1279295,395689190;84,30000;6,75000000000000;1700965660100;1,010975494778552;4969276,18397666;113,0556211606680;1,54;3,65270e+12
2018-01-01;3,1618;0,956155743866267;1682460,499999849;4930,72;7,00;347816120000;56,2914;1,036581765897041;22474464,30000008;170,10830;7,75;8163600000000;63,6878;1,033716841958376;45846900,0000056;136,9000000000000;6,2500;2,911685e+13;6,2960;1,027701077750362;20203570,00000090;94,31080;2,90;54324712570000;11,8483412322275;0,978752327562739;1264983,100000093;84,70000;6,75000000000000;1658648542400;0,996692010799362;4923798,00000028;113,6715194067570;1,63;3,65190e+12
2018-02-01;3,2443;0,946968090724097;1682962,741917494;4946,50;6,75;349603126000;55,6717;1,001492149589052;22836877,59622329;170,46550;7,50;8301000000000;65,1031;1,051591865390692;45725955,4542371;136,4000000000000;6,2500;2,968211e+13;6,3315;1,038639736729953;20965129,86600636;95,47623;2,90;51703599280000;11,7508813160987;0,980542188429200;1295757,088507017;85,20000;6,75000000000000;1656576579200;0,998883199269170;5018077,08915229;114,1869845062380;1,78;3,56610e+12
2018-03-01;3,3232;0,944152876400421;1721317,007471428;4950,95;6,50;355419947000;57,2649;1,017102945766568;24999952,66329836;170,95980;7,25;8442600000000;65,0441;1,104256206294096;47517828,0952567;136,5000000000000;6,2500;3,267331e+13;6,2754;1,035316010284737;21611772,94704736;94,40044;2,90;52354007460000;11,8680557039063;0,991822199055998;1321796,685555605;85,60000;6,73750000000000;1687296587700;1,005921898014956;5083486,92361534;114,4451756548220;2,08;3,68840e+12
2018-04-01;3,4805;0,946438964593940;1734453,800000103;4961,84;6,50;359192039000;61,9997;1,057707143593438;24969759,09999974;171,60950;7,25;8712300000000;66,7801;1,074943187035460;45693699,9999995;137,1000000000000;6,2500;3,177814e+13;6,3407;1,034506775426329;22396219,99999974;94,22115;2,90;52544777030000;12,4314560591538;0,995177397354418;1329844,499999867;86,10000;6,50000000000000;1657874020900;1,005446339213091;5135596,99999982;114,9001057070330;2,20;3,69810e+12
2018-05-01;3,7364;0,935192014198777;1726589,535524170;4981,69;6,50;358130097000;62,5937;1,081914122343069;25969345,37396473;172,26160;7,25;8772000000000;67,4526;1,071995001834627;46703109,7072853;137,8000000000000;6,2500;3,163823e+13;6,4020;1,036190266857155;22754901,21236151;94,04185;2,90;52627671550000;12,5788536890633;1,007054394018724;1349744,405317000;86,40000;6,50000000000000;1652783956200;0,998038666039158;5143709,93248682;115,3779657013930;2,16;3,65570e+12
2018-06-01;3,8552;0,944318691622119;1751183,589930305;5044,46;6,50;359116892000;62,7565;1,051818929136166;26874171,43232202;173,10570;7,25;8945500000000;68,5753;1,066736290243525;46598899,0520208;138,5000000000000;6,4500;3,189125e+13;6,6248;1,035402837952611;23076084,46551823;94,04185;2,90;54394471230000;13,7711076652740;1,004316660207998;1354177,772427296;86,60000;6,50000000000000;1643035094500;1,005920677141494;5220727,48729630;115,5618638374180;2,19;3,65660e+12
2018-07-01;3,7543;0,950919452405127;1767867,999999967;5061,11;6,50;356789583000;62,7805;1,051535093665752;27196843,50000002;173,57310;7,25;9053100000000;68,6068;1,063362756436903;46560200,0000042;139,8000000000000;6,5000;3,157841e+13;6,8309;1,038062342862137;23447430,00000079;94,31080;2,90;53662429390000;13,0854084610251;1,010744645081985;1360505,499999990;87,30000;6,50000000000000;1700152546500;0,994577677336691;5187829,00000015;115,5696600177480;2,17;3,68070e+12
2018-08-01;4,1347;0,951089257182237;1793661,990119652;5056,56;6,50;365719880000;68,0821;1,060665016370311;27839819,06794284;173,59040;7,25;9149900000000;70,9255;1,070907829232940;47401374,8865133;140,4000000000000;6,7500;3,213558e+13;6,8314;1,040441457249794;24266844,00133996;94,93834;2,90;53832464430000;14,7175914955869;1,013412380922948;1371428,443591452;87,20000;6,50000000000000;1719556416400;1,000816158792276;5264939,66180162;115,6338638557610;2,19;3,69090e+12
2018-09-01;4,0033;0,948129647112736;1787529,041840883;5080,83;6,50;371430695000;65,5906;1,034924115376616;27981874,91492742;173,86820;7,50;9138700000000;72,5474;1,084578660339432;47980525,2857854;140,2000000000000;6,7500;3,291706e+13;6,8814;1,038059160333184;25061298,12120689;95,56588;2,90;53857408250000;14,1837533615495;1,006757907980320;1374302,699792995;87,70000;6,50000000000000;1756909840500;1,000813410230317;5275123,24970811;115,7682333167470;2,24;3,67570e+12
2018-10-01;3,7171;0,960516513872500;1819358,800000069;5103,69;6,50;362857188000;65,7742;1,074414286290303;29220584,10000078;174,47670;7,50;9048400000000;73,9936;1,073087903365600;48730000,0000029;140,6000000000000;6,7500;3,250630e+13;6,9717;1,041842510685270;25880890,00000075;95,74518;2,90;54012840000000;14,7856596843853;1,010430318467777;1393275,700000008;88,10000;6,50000000000000;1723520875100;1,014751802979516;5285745,00000003;115,9727684007050;2,37;3,72220e+12
2018-11-01;3,8627;0,957640071213843;1795392,035576346;5092,97;6,50;376198825000;66,6342;1,049751238700496;28738476,98019469;175,34910;7,50;8980900000000;69,6574;1,006705834639884;47490849,5156713;140,8000000000000;6,7500;3,288474e+13;6,9433;1,021606751713134;24472876,54361070;95,38658;2,90;54349866090000;13,7624464124743;1,000349175884516;1388542,739048357;88,20000;6,56818181818182;1761284001700;1,024362334195903;5224756,05054979;115,5843351807220;2,56;3,68000e+12
2018-12-01;3,8742;0,949918061846915;1750706,926061273;5100,61;6,50;410226239000;69,4706;1,104951732452579;29908111,56171682;176,82200;7,75;9339000000000;69,7923;0,996872398993663;48361040,3441028;140,1000000000000;6,7500;3,278668e+13;6,8530;1,017571396567056;23115039,86381702;95,47623;2,90;55168600000000;14,3766569097088;0,979368750747105;1346721,052568852;88,10000;6,75000000000000;1778086637400;1,023022506268302;5180186,25652872;115,2151631121430;2,69;3,80070e+12
2019-01-01;3,6513;0,948393210055747;1756054,000000241;5116,93;6,50;372836696000;66,0987;1,056825159774157;24552081,80000029;178,60790;7,75;8989870000000;71,0333;0,976033054790563;48012799,9999993;139,6000000000000;6,7500;3,342571e+13;6,7064;1,001964386058450;21716829,99999959;95,92448;2,90;54563800000000;13,2772502283687;0,959593288218061;1329994,199999846;88,00000;6,75000000000000;1729723628200;1,007786819154050;5120261,00000009;115,4348319579190;2,59;3,74850e+12
2019-02-01;3,7379;0,951474495121369;1775855,836837984;5138,93;6,50;376405088000;65,7570;1,056960035842670;24966649,61070185;179,39380;7,75;9029700000000;71,1953;1,007840661446044;48106981,9129969;139,9000000000000;6,5625;3,456918e+13;6,6883;1,008255781805773;22523561,41472637;96,91061;2,90;52719050000000;13,9577081443227;0,966482127397149;1360250,263131675;88,70000;6,75000000000000;1722344623000;1,011031836458953;5213067,09271342;115,9227811268230;2,49;3,70510e+12
2019-03-01;3,8961;0,936786196355231;1797266,081730830;5177,47;6,50;377380908000;64,7347;1,026625047531002;26491407,14250175;179,96790;7,75;8980600000000;69,1713;1,060763956709674;51017984,5516927;140,4000000000000;6,5000;3,710464e+13;6,7211;1,021222118072701;23534099,85356940;96,55202;2,90;54757554230000;14,4868539044244;0,973559303353670;1389559,830236676;89,40000;6,75000000000000;1782609231100;1,018917315784978;5305878,54260751;116,5767430768770;2,48;3,75730e+12
2019-04-01;3,9447;0,954816019903804;1825142,499999712;5206,98;6,50;375671489000;64,6917;1,066833970829387;26567530,50000109;180,48980;7,75;9113800000000;69,8368;1,033639655789273;49513799,9999983;141,2000000000000;6,2500;3,586167e+13;6,7411;1,012639664212420;24150260,00000033;96,64167;2,90;54061460000000;14,2951899544841;0,983631775791975;1400404,200000151;89,90000;6,75000000000000;1779321613700;1,017926581908861;5352103,00000030;117,1940171194950;2,47;3,82380e+12
2019-05-01;3,9401;0,954091628168983;1855669,027095490;5213,75;6,50;371571210000;65,0583;1,035171945908179;26436367,22952461;181,10340;7,75;9110700000000;69,8058;1,031269765916888;50166530,6646524;142,0000000000000;6,2500;3,573571e+13;6,9035;1,011111134927196;24455772,42920713;96,64167;2,90;54435564000000;14,6796963651604;0,986944556738186;1415446,564156986;90,20000;6,75000000000000;1766793880800;1,010667387935176;5378130,23602395;117,4434948900620;2,44;3,79130e+12
2019-06-01;3,8316;0,955105305118117;1848442,292876023;5214,27;6,50;376630901000;63,0756;1,031382891653601;27835095,40985373;181,17590;7,50;9192800000000;68,9180;1,007202595623009;48670627,9306858;142,9000000000000;6,0000;3,549636e+13;6,8668;1,010241410050359;24867812,31503614;96,55202;2,90;56769620000000;14,1703072547722;0,983959536903910;1414075,497686047;90,50000;6,75000000000000;1791037083000;1,019200813943614;5450191,23062433;117,4668834310530;2,30;3,83130e+12
2019-07-01;3,7643;0,966829090619118;1880548,399999778;5224,18;6,50;372453332000;63,3791;1,041029629732044;28245508,19999972;181,53820;7,25;9254200000000;68,8569;0,998111668864652;48681400,0000063;144,2000000000000;6,0000;3,574564e+13;6,8834;1,007105015689613;25104629,99999972;96,91061;2,90;55304310000000;14,2364561474441;0,991189281849664;1425646,699999809;90,80000;6,64000000000000;1799542987300;1,003183584005401;5397763,99999964;117,6631637358380;2,22;3,86350e+12
2019-08-01;4,1379;0,960677578295423;1899479,870750659;5229,93;6,00;376743944000;66,4897;1,027550038837655;28504816,44564802;181,10250;7,25;9367600000000;71,7586;0,996608495119856;49200851,1714124;145,0000000000000;5,7200;3,594300e+13;7,1401;1,007630860514957;25939956,63641350;97,62781;2,90;55679809000000;15,2419971893757;0,993941032198396;1435935,682286916;91,00000;6,50000000000000;1820392844800;1,006710944643939;5491910,28007833;117,6572019508790;2,06;3,85070e+12
2019-09-01;4,1638;0,960085853041096;1898364,220389558;5227,84;5,50;387600000000;64,4156;1,001838296938268;28750599,88326155;180,81280;7,00;9411900000000;70,6850;1,026470246690586;50100251,7432202;145,8000000000000;5,6500;3,646406e+13;7,1292;1,007302358853562;26888087,28563216;98,43465;2,90;55713800000000;15,2089404200000;0,989891751557542;1436755,607156877;91,30000;6,50000000000000;1834572900400;1,004978670258394;5496575,50082460;117,7493803183130;2,03;3,87800e+12
2019-10-01;4,0035;0,963676601762919;1927385,999999889;5233,07;5,00;381891709000;63,8734;1,039370717945474;29876415,90000046;181,04780;6,50;9354600000000;70,8095;1,032713830435793;51353399,9999970;147,2000000000000;5,4000;3,670598e+13;7,0378;1,008282467738284;27679799,99999908;99,33114;2,90;55814390000000;15,1600599125568;0,990651734636454;1457620,000000116;91,30000;6,50000000000000;1829554886200;1,018388385467770;5511056,00000018;118,0185778391280;1,88;3,92490e+12
2019-11-01;4,2234;0,960669625171594;1899218,268281993;5259,76;5,00;406200000000;64,0817;0,993821802776859;28539894,92275464;181,55480;6,50;9394000000000;71,7255;0,985271970304818;51454797,6279840;148,6000000000000;5,4000;3,652760e+13;7,0291;0,964808679698283;25558792,83300943;99,68974;2,90;56248652000000;14,6519073120343;0,988889842047157;1455174,931410223;91,40000;6,50000000000000;1839280413400;1,022844953651952;5430978,49361752;117,9552911988000;1,77;3,92610e+12
2019-12-01;4,0301;0,954098909344392;1861660,011207086;5320,25;4,50;447700000000;61,9057;1,062103773625384;30276683,22275997;182,20840;6,25;9658400000000;71,2740;0,973558234150722;51621711,4578913;150,4000000000000;5,4000;3,688348e+13;6,9870;0,930478244395099;23387794,06636670;99,68974;2,90;57600900000000;14,0255405092674;0,973565852679362;1417219,473914735;91,60000;6,50000000000000;1835279931400;1,012272952320998;5341149,10318486;117,8479790695490;1,76;4,04330e+12
2020-01-01;4,2689;0,955159666424647;1873398,000000038;5331,42;4,50;404700000000;63,0359;0,993766210905367;24756713,70000059;182,93720;6,25;9488988282000;71,5096;0,963285341068835;51487300,0000019;150,2000000000000;5,4000;3,806879e+13;6,9307;0,855802336085989;20524480,00000039;101,12410;2,90;54553178660000;14,9059953403859;0,971407490387434;1415564,600000001;91,80000;6,37500000000000;1836686248600;0,989075121982180;5254152,00000008;118,3052021159750;1,65;3,98350e+12
2020-02-01;4,4981;0,944167749059151;1854624,403867622;5344,75;4,25;409900000000;66,9909;0,977903416949486;25163482,95770172;183,54090;6,00;9670800000000;72,1895;0,970246025954548;50960672,4635436;149,1000000000000;5,4000;3,868854e+13;7,0006;0,855723283008012;21178879,49855876;101,93100;2,90;55270072910000;15,5467560916077;0,928446304761475;1381747,944447943;92,70000;6,25000000000000;1834907568300;0,979300492179433;5298320,18206665;118,6294314979440;1,59;3,94140e+12
2020-03-01;5,1981;0,910739755591958;1832417,358791827;5348,49;3,75;435800000000;77,7325;0,935503163368597;26125351,24298637;184,55040;6,00;10241000000000;75,3859;0,915011542160258;47957875,9017765;148,6000000000000;5,2100;4,125948e+13;7,0927;0,916513758917989;23238448,82987000;100,67590;2,90;57505030000000;17,8909439619853;0,891234552419021;1340356,113208195;93,10000;5,86538461538461;2054220331100;0,958253269904606;5232669,09378412;118,3712403493610;1,35;4,28570e+12
2020-05-01;5,4257;0,900336029017512;1818803,620902836;5311,65;3,14;503400000000;70,7520;0,850035436880595;24354461,49956555;186,58450;5,50;11209300000000;75,6369;0,840347407867311;43855272,8239631;150,9000000000000;4,4900;4,119065e+13;7,1463;0,951327716838505;25380793,45882433;98,97254;2,90;58111105730000;17,4898864731469;0,851252360347967;1293461,575145564;92,00000;4,09000000000000;2056082918200;0,912063076480205;5072204,51396769;117,5819917406350;0,17;1,61663e+13
2020-06-01;5,4754;0,909306131721442;1866517,898647692;5325,46;2,69;534000000000;69,9513;0,892072447520458;26441498,80448224;186,99500;4,50;11516400000000;75,5270;0,871079395859939;46332165,7843237;151,8000000000000;4,2500;4,178770e+13;7,0681;0,957095536737288;25920652,90238275;98,97254;2,90;60431796850000;17,3355592191371;0,894337691753670;1360874,621104578;92,40000;3,75000000000000;2060947575300;0,946303727923575;5287377,35786001;118,2254059173010;0,20;1,65399e+13
2020-07-01;5,2027;0,931110407210906;1929702,700000093;5344,63;2,25;546400000000;73,3633;0,913595301740380;27580834,40000049;187,64950;4,25;11817800000000;74,7722;0,876774069616403;47328600,0000013;153,9000000000000;4,2500;4,264797e+13;6,9855;0,965281887305865;26435570,00000055;98,61395;2,90;59119263680000;16,7499979100000;0,927752669982909;1413610,299999845;93,70000;3,68518518518519;2060705138800;0,951984727271989;5349432,99999995;118,8234188085140;0,18;1,67418e+13
2020-08-01;5,4707;0,937574672484718;1970432,085526944;5357,46;2,03;565300000000;74,6382;0,936203637286893;28709870,44422392;187,57450;4,25;11951300000000;73,5951;0,901482948131175;49182194,8893699;154,7000000000000;4,2500;4,285648e+13;6,8561;0,972018954275338;27483813,49254021;99,95869;2,90;60128909740000;16,7076002873707;0,944863248694898;1439919,082295421;93,80000;3,50000000000000;2146325155900;0,958747062799218;5463314,91725868;119,1980940632090;0,15;1,68651e+13
2020-09-01;5,6401;0,965495394841998;2009827,717711706;5391,75;2,00;586000000000;79,6845;0,955456626271876;29689994,34606446;187,44320;4,25;12072800000000;73,7978;0,944495880533423;52031509,2998461;156,4000000000000;4,2500;4,324974e+13;6,8086;0,973640232117764;28563480,52963294;100,13800;2,90;60231212000000;16,8442613286080;0,962846217986282;1474119,725141475;93,90000;3,50000000000000;2120407599100;0,953846179398863;5470129,20914404;119,3641068443580;0,13;1,71325e+13
2020-10-01;5,7712;0,972548809265755;2048978,799999787;5438,12;2,00;590300000000;79,3323;0,972746887108685;30967986,60000004;188,24920;4,25;12157700000000;73,9732;0,966962839032868;54579499,9999993;158,4000000000000;4,2500;4,285991e+13;6,6983;0,980543421790209;29561880,00000023;99,86903;2,90;60918241000000;16,2591050988554;0,973672330985720;1509899,200000003;94,30000;3,50000000000000;2163266585100;0,974268925184006;5539370,00000022;119,4136355193980;0,12;1,73172e+13
2020-11-01;5,3311;1,001071481235839;2079652,083729342;5486,52;2,00;607500000000;75,8599;0,989597521358234;30909305,26415531;189,58570;4,25;12134600000000;73,7983;0,967111074603564;54920446,6948214;158,9000000000000;2,2500;4,348375e+13;6,5847;0,968987602854796;27976794,76985481;99,24149;2,90;61863217000000;15,2766914352757;0,973028018147210;1505659,280098579;94,30000;3,50000000000000;2207225811100;0,983087268327774;5494071,70318313;119,3407183033680;0,16;1,76372e+13
2020-12-01;5,1961;1,035359433242021;2105582,745709406;5560,59;2,00;641100000000;73,8757;1,081629876445011;34018708,72202993;191,15930;4,25;12523900000000;73,0536;0,975614093386567;57095611,1463485;157,3000000000000;4,2500;4,409929e+13;6,5349;0,964892367781302;26404353,64711424;99,95869;2,90;62558099000000;14,6859483377709;0,968187636877142;1477272,526291885;94,40000;3,50000000000000;2189376212500;0,981968605483963;5456163,88927612;119,4530750198920;0,17;1,79437e+13
2021-01-01;5,4753;1,053840986530076;2152621,800000100;5574,49;2,00;590900000000;76,2527;0,995539669151314;26770985,20000013;192,44010;4,25;12429100000000;72,9519;0,964035215090101;57580700,0000017;156,3000000000000;4,2500;4,564704e+13;6,4614;0,961923925627248;24920019,99999982;100,90000;2,90;62556381000000;15,0091105300918;0,959066246591359;1465300,299999658;94,80000;3,50000000000000;2189128193600;0,974008658862488;5444405,99999967;119,9612025378860;0,14;1,80801e+13
2021-02-01;5,5296;1,042046431934363;2158142,235455311;5622,43;2,00;587800000000;74,4373;1,004717437055921;28005305,93094079;193,94110;4,25;12538100000000;73,0408;0,925746445681229;55086678,7420129;156,6000000000000;4,2500;4,604295e+13;6,4664;0,983381274618852;26152240,66058353;101,50000;2,90;59348746000000;14,9600939493900;0,969104270927394;1511815,263117852;95,40000;3,50000000000000;2196472052800;0,969891811059231;5508159,24285225;120,6179160809980;0,11;1,82582e+13
2021-03-01;5,6967;1,039670358858604;2188076,661757481;5674,72;2,40;593100000000;75,7023;1,043651167765250;31040298,25655306;195,22110;4,50;12569700000000;73,5047;0,925556372857465;55278470,4916667;156,8000000000000;4,2500;4,794299e+13;6,5603;0,995892519833094;27448990,47568243;101,00000;2,90;61611317000000;14,7973429890929;0,987422146516602;1559277,806531743;96,00000;3,50000000000000;2249143285700;0,992422577464830;5690744,97258444;121,4722857254230;0,10;1,87156e+13
2021-04-01;5,4030;1,022195592177040;2182048,899999932;5692,31;2,75;598700000000;74,3823;1,037982534653364;30853087,09999976;196,35340;5,00;12859888000000;74,0232;0,877533040614792;51238500,0000022;157,8000000000000;4,2500;4,710863e+13;6,4754;0,993433033014891;28284919,99999991;100,70000;2,90;60542189000000;14,3907047559840;0,994678187308459;1579121,399999985;96,70000;3,50000000000000;2196437067100;1,003430639334371;5784815,99999982;122,4706554065360;0,11;1,90793e+13
2021-05-01;5,2316;1,019303069125462;2216096,271304915;5739,56;3,40;602400000000;73,5870;1,057684247800138;31357960,05042364;197,80640;5,00;12752300000000;72,5211;0,870870969681179;50842632,2503114;160,4000000000000;4,2500;4,740678e+13;6,3764;0,993165811371734;28574437,06448200;100,60000;2,90;61682832000000;13,7700078213644;0,986581964859732;1573455,202975769;96,80000;3,50000000000000;2231698373200;1,001548753187358;5833469,77644377;123,4525155293030;0,10;1,91618e+13
2021-06-01;5,0016;1,025600551166702;2228379,994866156;5769,98;3,90;636100000000;72,3723;1,066160391926411;33189652,85233350;199,17130;5,50;12786500000000;74,3456;0,910446603177314;53433909,3477118;161,3000000000000;4,2500;4,823542e+13;6,4589;0,991183080012018;28895386,67031667;100,20000;2,90;63747936000000;14,2923908740000;0,983694596980341;1569210,122781932;97,10000;3,50000000000000;2185379845100;1,003387877022596;5891614,60695293;124,5994712355340;0,09;1,93015e+13
2021-07-01;5,1210;1,023155217013261;2254492,500000288;5825,37;4,25;645100000000;73,1388;1,062689777891213;33911192,50000107;199,78870;6,50;12938700000000;74,3871;0,923283844249170;56038300,0000001;162,5000000000000;4,2500;4,855942e+13;6,4568;0,990800854903676;29128809,99999939;100,50000;2,90;62036705000000;14,5540493731571;0,969383942389295;1551077,000000127;98,10000;3,50000000000000;2212022291200;0,995515677719255;5883176,99999943;125,1988599232760;0,10;1,94440e+13
