date;ru_exchange;ru_gap;ru_gdp;ru_inflation;ru_interest;ru_m1;us_gap;us_gdp;us_inflation;us_interest;us_m1
2005-12-01;28,7825;1,023150671686319;8356164,68076650;63,44576;12,00;2009200000000;1,055388320749396;3341163,97843722;90,2522522935675;4,45;1,39720e+12
2006-01-01;28,1207;0,908548417293610;6222164,90000040;64,98749;12,00;1875600000000;1,047950684381190;3333266,00000117;90,9401505580001;4,56;1,37550e+12
2006-02-01;28,1223;0,894605366269069;6604101,31084376;66,06628;12,00;1890100000000;1,048274203050308;3390764,51041370;91,1235900951822;4,72;1,36200e+12
2006-03-01;27,7626;0,986013298202841;7608799,31689485;66,60802;12,00;1928800000000;1,067504351805078;3456080,20078092;91,6280488224328;4,88;1,39470e+12
2006-04-01;27,2739;0,936966490769165;6839899,10000015;66,84116;12,00;2027800000000;1,055791123098109;3460989,99999993;92,4076668554565;5,03;1,39360e+12
2006-05-01;26,9840;1,018570998136241;7345450,63396101;67,16199;12,00;2096900000000;1,043312234607098;3491412,68406566;92,8662656984116;5,15;1,39210e+12
2006-06-01;27,0789;0,975961061648099;7769746,92235545;67,35004;11,50;2233400000000;1,066934257819373;3559046,76705503;93,0497052355937;5,35;1,37900e+12
2006-07-01;26,8718;0,974279988437767;7814935,70000031;67,80129;11,50;2290300000000;1,027509208054901;3463694,00000009;93,3248645413668;5,46;1,36860e+12
2006-08-01;26,7379;1,004818451348525;8226640,31436989;67,93011;11,50;2351600000000;1,029318740159581;3555481,74737929;93,5083040785488;5,38;1,37060e+12
2006-09-01;26,7799;0,957169448921691;8029078,55890262;67,99125;11,50;2400800000000;1,034536740185879;3572581,03648545;93,0497052355937;5,34;1,34740e+12
2006-10-01;26,7477;0,971495754538997;8034575,09999976;68,18163;11,00;2402200000000;1,039414683308252;3557632,99999958;92,5452465083431;5,33;1,36030e+12
2006-11-01;26,3147;0,928879497304018;8298408,00889838;68,61117;11,00;2450700000000;1,049875880552680;3526359,85253439;92,4076668554565;5,32;1,36850e+12
2006-12-01;26,3311;0,946209921959209;9008997,07237630;69,15320;11,00;2785200000000;1,048807690352205;3522040,22093715;92,5452465083431;5,32;1,38770e+12
2007-01-01;26,5331;0,931975517627864;7282589,19999895;70,31497;10,50;2630100000000;1,026303590425071;3482006,00000045;92,8277433956034;5,32;1,36900e+12
2007-02-01;26,1599;0,880984101539706;7428498,48002749;71,09547;10,50;2682000000000;1,027123384495572;3533193,20766749;93,3244059425238;5,31;1,34750e+12
2007-03-01;26,0113;1,003818606827417;8833490,08964944;71,51493;10,50;2741200000000;1,045805558062532;3603373,39092981;94,1741895985196;5,30;1,37840e+12
2007-04-01;25,6851;0,993667389097086;8343034,99999963;71,92257;10,50;2859400000000;1,032045995635140;3613882,00000029;94,7859604550218;5,31;1,39230e+12
2007-05-01;25,9031;1,057942471711654;8690831,48728346;72,37568;10,50;2896600000000;1,029072253506030;3644876,02634712;95,3651707936741;5,31;1,38560e+12
2007-06-01;25,8162;0,970930471752722;9187532,47099901;73,06325;10,00;3027500000000;1,044947457394678;3718325,45469425;95,5499861273850;5,33;1,37080e+12
2007-07-01;25,5999;1,011329765301486;9562363,09999868;73,69890;10,00;3087000000000;1,011957559826016;3637993,00000022;95,5256803887084;5,32;1,36860e+12
2007-08-01;25,6494;1,038961568210677;9963805,39859125;73,76523;10,00;3170600000000;1,013181271278918;3719588,26068864;95,3504956306995;5,49;1,37280e+12
2007-09-01;24,9493;1,000879481691104;9931986,88047854;74,34797;10,00;3220900000000;1,020591366622073;3748819,50284005;95,6132727677128;5,46;1,35630e+12
2007-10-01;24,7238;1,075522646112004;10522930,69999932;75,56728;10,00;3259100000000;1,031605703271341;3740349,99999955;95,8178078516708;5,08;1,36940e+12
2007-11-01;24,3506;1,034877937851134;10915847,34896474;76,49676;10,00;3373400000000;1,040778184397287;3720595,69327754;96,3869290157781;4,97;1,37050e+12
2007-12-01;24,5462;1,034682354030531;11349361,33644748;77,36117;10,00;3702200000000;1,032456783643837;3689505,15469418;96,3222665789214;5,02;1,39490e+12
2008-01-01;24,4764;1,041269362545098;9535424,50000000;79,14822;10,00;3465700000000;1,018260179343372;3657486,99999926;96,8010437709666;3,84;1,37590e+12
2008-02-01;24,1159;1,078262845352049;10198592,43690562;80,09799;10,25;3487600000000;1,012656656223525;3679901,72911979;97,0821648616980;3,06;1,36590e+12
2008-03-01;23,5156;1,053234127354849;11159595,17118306;81,05917;10,25;3475500000000;1,011142382356156;3717315,75935334;97,9236937385207;2,79;1,40110e+12
2008-04-01;23,6471;1,134791245578187;10996863,89999967;82,21021;10,50;3601400000000;0,996556169949179;3715835,00000035;98,5175792401476;2,85;1,40660e+12
2008-05-01;23,7384;1,103055714648645;11359872,64461247;83,32005;10,50;3656200000000;0,979602745139421;3722356,61008657;99,3471845470534;2,66;1,39650e+12
2008-06-01;23,4573;1,098714991835461;11885329,42617133;84,12825;10,75;3724900000000;0,992855866575478;3779406,37016216;100,3483058212240;2,76;1,40730e+12
2008-07-01;23,4456;1,137896018013315;12397231,29999975;84,55730;11,00;3807200000000;0,969154283228817;3698181,99999965;100,8752358917800;2,79;1,41770e+12
2008-08-01;24,5769;1,093504097109887;12211133,77176085;84,86171;11,00;3887400000000;0,968973718726762;3750189,78988298;100,4725861076650;2,79;1,40130e+12
2008-09-01;25,2464;1,066781219048783;11930249,22744395;85,54060;11,00;3904200000000;0,954256370390734;3707965,44035310;100,3336306582500;3,59;1,44150e+12
2008-10-01;26,5430;1,019841945626366;11405651,00000079;86,31902;11,00;3962200000000;0,964655778363696;3698359,99999964;99,3201272153190;4,32;1,46260e+12
2008-11-01;27,6060;0,904390259850538;10420860,72117141;87,03547;12,00;3793100000000;0,965110634797492;3647337,15554001;97,4178592147412;2,36;1,51370e+12
2008-12-01;29,3804;0,939714257466642;11074244,06122308;87,63602;13,00;3794800000000;0,943817929769444;3582487,67931534;96,4103175567688;1,77;1,63230e+12
2009-01-01;35,4146;0,874442627938103;8952169,89999991;89,71299;13,00;3312700000000;0,926063758918934;3522117,00000025;96,8299354980727;1,02;1,58070e+12
2009-02-01;35,7205;0,901204530050670;9548836,45086316;91,19325;13,00;3301600000000;0,921881419294279;3567835,07801833;97,3114642831756;1,16;1,55200e+12
2009-03-01;34,0134;0,878054385488449;10443342,55253282;92,38789;13,00;3278300000000;0,919973051351537;3597427,31083848;97,5481012861404;1,07;1,59490e+12
2009-04-01;33,2491;0,869285924103986;9929805,00000058;93,02536;12,50;3410100000000;0,912848649650727;3598009,99999910;97,7916172717496;0,89;1,62770e+12
2009-05-01;30,9843;0,858293226272499;10045098,53572135;93,55560;12,00;3461900000000;0,907883638564346;3608944,15527822;98,0741141590100;0,57;1,61790e+12
2009-06-01;31,2904;0,879684227194672;10796699,25879266;94,11694;11,50;3522500000000;0,917287890665974;3647570,35817180;98,9165602335185;0,39;1,66170e+12
2009-07-01;31,7555;0,881983741280843;11182739,90000027;94,70988;11,00;3550100000000;0,903617315133039;3623204,00000015;98,7597194292279;0,35;1,65760e+12
2009-08-01;31,5687;0,857299954558418;11002857,71650313;94,70988;10,75;3506600000000;0,908794472258110;3700963,90988665;98,9812226703752;0,30;1,65130e+12
2009-09-01;30,0922;0,888125650378310;11459283,33052376;94,68147;10,00;3485600000000;0,913104915769954;3720213,91605170;99,0431335141741;0,25;1,64100e+12
2009-10-01;29,0488;0,869309169352392;11617843,10000026;94,68147;9,50;3566700000000;0,927422272679111;3734737,99999977;99,1385220735088;0,24;1,66430e+12
2009-11-01;29,8179;0,883241700861561;12100253,25726736;94,95604;9,00;3600100000000;0,926829475229687;3695754,02784295;99,2086876964809;0,21;1,68310e+12
2009-12-01;30,2442;0,957606356091499;13164817,48281132;95,34536;8,75;4038100000000;0,917044794696769;3635431,28660335;99,0339615373150;0,22;1,72440e+12
2010-01-01;30,4312;0,884946554714918;10736372,99999952;96,90903;8,75;3873300000000;0,905897237007721;3602417,99999986;99,3724074834159;0,20;1,67420e+12
2010-02-01;29,9484;0,854410091842711;11159918,30724899;97,74244;8,50;3950000000000;0,904149069972452;3644081,71683069;99,3971718209355;0,19;1,68520e+12
2010-03-01;29,3638;0,895579852576502;12504087,78999611;98,35822;8,25;3986100000000;0,918365820940148;3725758,92225572;99,8053247911655;0,23;1,72950e+12
2010-04-01;29,2886;0,859676825946034;11790355,70000030;98,64346;8,25;4181000000000;0,919586027382262;3755369,99999985;99,9786751538026;0,30;1,71600e+12
2010-05-01;30,4956;0,856134247765682;12056702,47576067;99,13667;7,75;4240300000000;0,923480967298260;3797918,97373596;100,0561783582620;0,45;1,70820e+12
2010-06-01;31,1954;0,872950083903209;12837510,05014497;99,52331;7,75;4367700000000;0,937388835788518;3848138,85423272;99,9584968047126;0,52;1,73230e+12
2010-07-01;30,1869;0,850882938472387;12981985,19999943;99,88159;7,75;4467300000000;0,917640188530603;3793866,99999991;99,9795923514885;0,41;1,71840e+12
2010-08-01;30,6640;0,894185162953983;13389294,98509571;100,43090;7,75;4477800000000;0,922300422548943;3869004,94710238;100,1176306032180;0,32;1,73960e+12
2010-09-01;30,4030;0,922814171182501;13810133,22572693;101,27460;7,75;4524500000000;0,929837519108045;3881784,15188220;100,1758726562730;0,28;1,74140e+12
2010-10-01;30,7821;0,981963739809798;14230961,49999985;101,78090;7,75;4590000000000;0,940979958852170;3897314,99999996;100,3006115415570;0,27;1,76740e+12
2010-11-01;31,3061;1,085499850703439;14853348,19508206;102,60540;7,75;4621500000000;0,943100565096423;3842785,46133704;100,3428026351090;0,27;1,82870e+12
2010-12-01;30,4769;1,128589446601181;15814194,78715628;103,71350;7,75;5062700000000;0,942057249878144;3801549,49192326;100,5152358000600;0,30;1,87140e+12
2011-01-01;29,6684;1,055834270583464;13024799,49999919;106,17150;7,75;4830700000000;0,937536158620479;3764834,99999983;100,9940129921050;0,29;1,85560e+12
2011-02-01;28,9405;1,028569470176963;13454198,50599073;106,99960;5,25;4898000000000;0,938093821806140;3811290,37897623;101,4920513355540;0,28;1,85870e+12
2011-03-01;28,4290;1,047505341137604;14722992,45694894;107,66300;5,25;4918200000000;0,957312529913168;3889924,36634808;102,4817076386520;0,28;1,90940e+12
2011-04-01;27,5022;1,058456756641920;14434822,29999960;108,12600;5,25;5071300000000;0,953693627741403;3893028,00000000;103,1416313736640;0,23;1,91800e+12
2011-05-01;28,0685;1,072945870467326;14817594,91527336;108,64500;5,50;5079800000000;0,950072606962065;3915390,70431862;103,6268289495110;0,21;1,93420e+12
2011-06-01;28,0758;1,070442226397648;15741910,12451157;108,89490;5,50;5192200000000;0,966269312835400;3971412,13377942;103,5158480295150;0,22;1,95410e+12
2011-07-01;27,6796;1,049076887731647;15745583,59999957;108,88400;5,50;5306600000000;0,950420695683124;3927582,99999931;103,6075677981060;0,24;1,99450e+12
2011-08-01;28,8569;1,119086264590248;16219071,79330252;108,62270;5,50;5343000000000;0,958757425116691;3991103,75616282;103,8932748772670;0,29;2,10190e+12
2011-09-01;31,8751;1,108213208119607;16516550,59546253;108,57920;5,25;5420400000000;0,961071375596614;4005422,02190625;104,0510328792440;0,33;2,09910e+12
2011-10-01;29,8977;1,150354695649131;16908795,39999980;109,10040;5,25;5420100000000;0,975039258962933;4014287,99999995;103,8364086207410;0,37;2,12810e+12
2011-11-01;31,3216;1,144741295413159;17285685,42167937;109,55860;5,25;5475200000000;0,987062485137958;3978513,62740210;103,7488162417370;0,41;2,16440e+12
2011-12-01;32,1961;1,180851876864018;18447818,54556492;110,04070;5,25;5938600000000;0,996812258801101;3966026,11287826;103,4929180873680;0,49;2,20810e+12
2012-01-01;30,3647;1,121412480593948;15182776,39999981;110,59090;5,25;5670700000000;0,991840125835749;3960259,00000036;103,9483067384220;0,40;2,20920e+12
2012-02-01;28,9503;1,126245190932825;15866782,13945549;111,00010;5,25;5713000000000;0,994379159232031;4002947,70923788;104,4059883836910;0,30;2,19450e+12
2012-03-01;29,3282;1,096582678033819;16902791,56753879;111,64390;5,25;5704300000000;0,999345285395334;4042896,91106817;105,1989057831610;0,29;2,24600e+12
2012-04-01;29,3627;1,119494571513445;16435995,60000021;111,99000;5,25;5831500000000;0,997163997746842;4047164,99999992;105,5167147813290;0,29;2,26860e+12
2012-05-01;32,4509;1,135394467513455;16907725,90290837;112,57230;5,25;5856400000000;0,994176970595423;4072389,28044631;105,3928930937310;0,29;2,24840e+12
2012-06-01;32,8169;1,098291081949001;17406529,82113153;113,57420;5,25;6003900000000;1,003172809265469;4140183,56375395;105,2383452836550;0,32;2,27100e+12
2012-07-01;32,1900;1,110639020874000;17715787,89999992;114,97120;5,25;5976300000000;0,979578380311330;4086345,99999976;105,0668293163900;0,30;2,31460e+12
2012-08-01;32,2934;1,128312445903982;18301495,93303553;115,08610;5,25;5980000000000;0,977749340258101;4153103,31862936;105,6515428411570;0,26;2,33460e+12
2012-09-01;30,9169;1,080262927950788;18183186,43688758;115,71910;5,50;5969200000000;0,976134642842022;4164071,48840299;106,1229824517150;0,24;2,35800e+12
2012-10-01;31,5252;1,096364355572763;18768889,70000014;116,25140;5,50;5931300000000;0,987274735770768;4160200,99999987;106,0817085558490;0,23;2,41620e+12
2012-11-01;31,0565;1,084661578410134;19183236,84460087;116,64670;5,50;5975400000000;1,002585458639726;4128148,47852748;105,5790842239700;0,23;2,41520e+12
2012-12-01;30,3727;1,105812567192082;19990206,14090821;117,27660;8,25;6430100000000;1,004761737161555;4102895,70108546;105,2947529413380;0,24;2,50970e+12
2013-01-01;30,0277;1,047912960139637;16370002,90000055;118,41420;8,25;6078900000000;0,993747750206942;4065317,99999940;105,6061415557050;0,23;2,48130e+12
2013-02-01;30,6202;1,026536213467906;16722220,21214987;119,07730;8,25;6140900000000;0,987123568147643;4113614,66316796;106,4710589735180;0,22;2,45570e+12
2013-03-01;31,0834;1,038184912395565;18225229,69380022;119,48210;8,25;6181400000000;0,985657977198151;4159179,64629966;106,7494284711920;0,21;2,49720e+12
2013-04-01;31,2559;1,020818911925477;17507881,79999977;120,09150;8,25;6353500000000;0,982033028625241;4177428,00000023;106,6384475511970;0,20;2,54230e+12
2013-05-01;31,5893;1,045397631722314;18286213,57341076;120,88410;8,25;6348800000000;0,984134483593963;4216093,01240849;106,8283074721800;0,20;2,51850e+12
2013-06-01;32,7090;1,002070248290475;18536531,98910680;121,39180;8,25;6470300000000;0,999851776004542;4298139,66809593;107,0846642253920;0,19;2,52350e+12
2013-07-01;32,8901;1,020245190838389;19003469,30000019;122,38720;8,25;6480100000000;0,979057330878871;4249371,00000084;107,1268553189440;0,14;2,54370e+12
2013-08-01;33,2474;0,999295875156932;18959752,92219122;122,55860;8,25;6509800000000;0,984727946268229;4334947,14964595;107,2557215938140;0,12;2,53740e+12
2013-09-01;32,3451;0,998605987708929;19525280,44061022;122,81590;5,50;6414400000000;0,982669854531553;4343893,88657127;107,3804604790980;0,11;2,55580e+12
2013-10-01;32,0613;1,015938599544045;20104347,10000014;123,51600;5,50;6419000000000;0,998002638659358;4351080,99999952;107,1039253767960;0,12;2,61840e+12
2013-11-01;33,1916;1,039541437044753;20915347,64427825;124,20770;5,50;6564100000000;1,004295716892481;4303287,40861257;106,8851737287070;0,12;2,60720e+12
2013-12-01;32,7292;1,080670973146340;22254360,21668468;124,84110;5,50;6985600000000;0,997384784647986;4255554,29293697;106,8760017518480;0,14;2,71570e+12
2014-01-01;35,2448;0,974610605399769;17311393,60000071;125,57770;5,50;6663100000000;0,978195711470191;4203940,00000003;107,2736069486900;0,12;2,70170e+12
2014-02-01;36,0501;0,965600586955825;18006327,60347209;126,45670;5,50;6699900000000;0,978920442681339;4272375,96302790;107,6702949478460;0,13;2,70620e+12
2014-03-01;35,6871;0,963181303729340;19134502,19278038;127,74660;7,00;6608200000000;0,992831678997041;4348456,16894643;108,3636963983940;0,12;2,77330e+12
2014-04-01;35,6983;0,986576795767476;19044189,40000089;128,89630;7,50;6776800000000;0,989623668407161;4360753,99999967;108,7209448970560;0,12;2,80960e+12
2014-05-01;34,7352;0,967569592001598;19151503,00928843;130,05640;7,50;6763100000000;0,992269465434002;4408536,09127730;109,1006647390230;0,11;2,78220e+12
2014-06-01;33,6306;0,984878377276201;20098219,72908074;130,86270;7,50;6763500000000;1,007250326042041;4492993,41801848;109,3038240264520;0,11;2,82480e+12
2014-07-01;35,7271;0,986103397429671;20544004,19999961;131,50400;8,00;6871200000000;0,993303985167809;4454941,99999983;109,2611743340570;0,13;2,84120e+12
2014-08-01;36,9316;0,967051438634713;20540293,46327782;131,81960;8,00;6964100000000;0,995947746670887;4525162,14714563;109,0786519945610;0,13;2,79020e+12
2014-09-01;39,3866;0,994527359652688;21335371,68893465;132,67640;8,00;6959300000000;0,995648689170468;4529227,35857805;109,1607411874500;0,12;2,83460e+12
2014-10-01;43,3943;1,016233925801535;22130452,90000009;133,76440;8,00;6907600000000;1,006327220321608;4531051,99999990;108,8864990793630;0,12;2,86500e+12
2014-11-01;47,6629;0,974331905786036;21676799,79487199;135,47650;9,50;6920000000000;1,006602126033642;4494468,33333845;108,2985753626940;0,13;2,86110e+12
2014-12-01;56,2584;1,057148267380610;23551814,22616355;139,02600;17,00;7171500000000;0,993744425776289;4439925,85438606;107,6845115119770;0,15;2,99200e+12
2015-01-01;68,9291;0,963779763662938;18467912,80000072;144,37850;17,00;6700300000000;0,982285559125729;4389972,99999984;107,1777597905120;0,16;2,94110e+12
2015-02-01;61,2718;0,954134836952275;18891100,10935454;147,58370;15,00;6671900000000;0,985950769382636;4447778,33434576;107,6432376161110;0,15;2,97960e+12
2015-03-01;58,4643;0,953263561763598;20383849,30734134;149,36950;14,00;6540900000000;0,999874557814569;4528324,14714643;108,2839001997200;0,14;3,02390e+12
2015-04-01;51,7029;0,958737888657089;19751014,99999968;150,05660;14,00;6619600000000;0,998718827501409;4556247,99999953;108,5040276443380;0,13;3,03540e+12
2015-05-01;52,9716;0,943809541251536;20078197,68455680;150,58180;12,50;6576800000000;0,994508163060176;4587554,30471719;109,0570978489420;0,15;2,97590e+12
2015-06-01;55,5240;0,984409828377640;21407248,82200025;150,86790;11,50;6659500000000;1,000988585525064;4641073,71412998;109,4391106851240;0,18;3,02070e+12
2015-07-01;58,9906;0,975496568157389;21788589,39999926;152,07480;11,50;6759500000000;0,987096256702274;4605088,00000031;109,4464482666110;0,19;3,03840e+12
2015-08-01;66,4779;0,994825216962737;22029460,94667543;152,60710;11,00;6785700000000;0,985325407020024;4664208,73990860;109,2914418576920;0,26;3,02230e+12
2015-09-01;66,2367;0,981226786994493;22554649,82739517;153,47700;11,00;6744900000000;0,979731409437202;4640415,02546699;109,1213016869560;0,27;3,01630e+12
2015-10-01;64,3742;0,989710251239006;23079842,90000070;154,61270;11,00;6786900000000;0,990689165182924;4654714,99999994;109,0722316107600;0,25;3,01190e+12
2015-11-01;66,2393;0,954933819995685;22832392,05563206;155,77230;11,00;6786600000000;0,991455335063094;4594931,78286605;108,8420149915960;0,30;3,05620e+12
2015-12-01;72,8827;0,991128042461281;24155440,44164130;156,97170;11,00;7239100000000;0,984614310981104;4532253,10780961;108,4700913299600;0,54;3,14110e+12
2016-01-01;75,1723;0,945490916919198;18885121,10000139;158,47870;11,00;7055100000000;0,977943213352822;4496788,00000001;108,6494034775550;0,57;3,09400e+12
2016-02-01;75,0903;0,937721620645473;19754984,30285016;159,47710;11,00;7149800000000;0,980205126287227;4559972,02558441;108,7388302519310;0,54;3,09660e+12
2016-03-01;67,6076;0,954296613884644;21328865,18406412;160,21070;11,00;7142900000000;0,985172291746396;4616593,31329375;109,2070596705880;0,55;3,17980e+12
2016-04-01;64,3334;0,923187069251308;20452234,59999958;160,91560;11,00;7301500000000;0,987586097677701;4666050,99999979;109,7248177642850;0,55;3,23450e+12
2016-05-01;66,0825;0,941021228756118;20771237,09116739;161,57530;11,00;7296800000000;0,978198486072077;4689325,14401629;110,1687414442650;0,57;3,23480e+12
2016-06-01;64,2575;0,951340944507974;22092109,92963502;162,15700;10,50;7372700000000;0,986294805461387;4763522,68115580;110,5305759313570;0,55;3,24700e+12
2016-07-01;67,0512;0,936386102875963;22235115,20000066;163,03270;10,50;7462400000000;0,967864418199479;4720618,00000035;110,3517223826040;0,62;3,24470e+12
2016-08-01;64,9072;0,970344771053986;22946252,54130349;163,04900;10,50;7438500000000;0,967068436992429;4782272,77617812;110,4530727268970;0,73;3,31900e+12
2016-09-01;63,1581;0,938894768217960;23305387,41362303;163,32620;10,00;7412200000000;0,966293498936630;4791446,90608495;110,7186014569680;0,75;3,29640e+12
2016-10-01;62,9037;0,949561068998325;24043612,80000028;164,02850;10,00;7339100000000;0,982731694753703;4811649,00000009;110,8566397086980;0,72;3,32770e+12
2016-11-01;64,9449;0,974624997124690;24267549,23511278;164,75020;10,00;7317200000000;0,987311569132684;4747911,09218497;110,6842065437470;0,71;3,32850e+12
2016-12-01;60,6569;0,984494709751242;25114273,62473487;165,40920;10,00;7714800000000;0,984910018934356;4690310,79683029;110,7204358523400;0,87;3,38400e+12
2017-01-01;60,1618;0,969123460149973;20586119,09999941;166,43470;10,00;7543700000000;0,971909420028327;4647311,00000014;111,3656844243780;0,90;3,38860e+12
2017-02-01;57,9371;0,942144682379887;20587667,28833504;166,80090;10,00;7587400000000;0,975830350970726;4732153,21342716;111,7160539403960;0,87;3,35800e+12
2017-03-01;56,3779;0,961076142043481;22714803,50379917;167,01770;9,75;7610300000000;0,984716337365360;4808334,51864386;111,8068565113010;0,98;3,47730e+12
2017-04-01;56,9838;0,957399702218080;21917573,80000065;167,56890;9,75;7775300000000;0,984299792724824;4857935,99999962;112,1384234747580;1,03;3,48910e+12
2017-05-01;56,5168;0,974152148232806;22553886,31747827;168,18890;9,25;7813300000000;0,979230380759738;4900050,34860449;112,2342706329350;1,05;3,51710e+12
2017-06-01;59,0855;0,967360223491119;23853602,30508713;169,21480;9,00;7946900000000;0,986962629553484;4966480,32974945;112,3360795760710;1,16;3,52770e+12
2017-07-01;59,5436;0,941489290256904;23718216,20000020;169,33330;9,00;8034200000000;0,970150754223573;4920944,00000011;112,2585763716120;1,22;3,54820e+12
2017-08-01;58,7306;0,975976507344432;24596249,69816403;168,41890;9,00;8066800000000;0,973465205538385;4989666,93937259;112,5947293234980;1,25;3,58860e+12
2017-09-01;58,0169;0,960536041297342;25176437,48196043;168,16630;8,50;8089500000000;0,976545639432776;5001650,92014038;113,1909078193400;1,25;3,54220e+12
2017-10-01;57,8716;0,976805033395401;25621245,20000067;168,50260;8,25;8071500000000;0,994884473680389;5050987,00000078;113,1193663998390;1,26;3,60160e+12
2017-11-01;58,3311;0,990268424252057;25822388,52509188;168,87330;8,25;8073900000000;1,007345693358906;5009301,09117217;113,1221179928960;1,32;3,60330e+12
2017-12-01;57,6002;1,011573771899353;26524473,35939693;169,58260;7,75;8446000000000;1,010975494778552;4969276,18397666;113,0556211606680;1,54;3,65270e+12
2018-01-01;56,2914;1,036581765897041;22474464,30000008;170,10830;7,75;8163600000000;0,996692010799362;4923798,00000028;113,6715194067570;1,63;3,65190e+12
2018-02-01;55,6717;1,001492149589052;22836877,59622329;170,46550;7,50;8301000000000;0,998883199269170;5018077,08915229;114,1869845062380;1,78;3,56610e+12
2018-03-01;57,2649;1,017102945766568;24999952,66329836;170,95980;7,25;8442600000000;1,005921898014956;5083486,92361534;114,4451756548220;2,08;3,68840e+12
2018-04-01;61,9997;1,057707143593438;24969759,09999974;171,60950;7,25;8712300000000;1,005446339213091;5135596,99999982;114,9001057070330;2,20;3,69810e+12
2018-05-01;62,5937;1,081914122343069;25969345,37396473;172,26160;7,25;8772000000000;0,998038666039158;5143709,93248682;115,3779657013930;2,16;3,65570e+12
2018-06-01;62,7565;1,051818929136166;26874171,43232202;173,10570;7,25;8945500000000;1,005920677141494;5220727,48729630;115,5618638374180;2,19;3,65660e+12
2018-07-01;62,7805;1,051535093665752;27196843,50000002;173,57310;7,25;9053100000000;0,994577677336691;5187829,00000015;115,5696600177480;2,17;3,68070e+12
2018-08-01;68,0821;1,060665016370311;27839819,06794284;173,59040;7,25;9149900000000;1,000816158792276;5264939,66180162;115,6338638557610;2,19;3,69090e+12
2018-09-01;65,5906;1,034924115376616;27981874,91492742;173,86820;7,50;9138700000000;1,000813410230317;5275123,24970811;115,7682333167470;2,24;3,67570e+12
2018-10-01;65,7742;1,074414286290303;29220584,10000078;174,47670;7,50;9048400000000;1,014751802979516;5285745,00000003;115,9727684007050;2,37;3,72220e+12
2018-11-01;66,6342;1,049751238700496;28738476,98019469;175,34910;7,50;8980900000000;1,024362334195903;5224756,05054979;115,5843351807220;2,56;3,68000e+12
2018-12-01;69,4706;1,104951732452579;29908111,56171682;176,82200;7,75;9339000000000;1,023022506268302;5180186,25652872;115,2151631121430;2,69;3,80070e+12
2019-01-01;66,0987;1,056825159774157;24552081,80000029;178,60790;7,75;8989870000000;1,007786819154050;5120261,00000009;115,4348319579190;2,59;3,74850e+12
2019-02-01;65,7570;1,056960035842670;24966649,61070185;179,39380;7,75;9029700000000;1,011031836458953;5213067,09271342;115,9227811268230;2,49;3,70510e+12
2019-03-01;64,7347;1,026625047531002;26491407,14250175;179,96790;7,75;8980600000000;1,018917315784978;5305878,54260751;116,5767430768770;2,48;3,75730e+12
2019-04-01;64,6917;1,066833970829387;26567530,50000109;180,48980;7,75;9113800000000;1,017926581908861;5352103,00000030;117,1940171194950;2,47;3,82380e+12
2019-05-01;65,0583;1,035171945908179;26436367,22952461;181,10340;7,75;9110700000000;1,010667387935176;5378130,23602395;117,4434948900620;2,44;3,79130e+12
2019-06-01;63,0756;1,031382891653601;27835095,40985373;181,17590;7,50;9192800000000;1,019200813943614;5450191,23062433;117,4668834310530;2,30;3,83130e+12
2019-07-01;63,3791;1,041029629732044;28245508,19999972;181,53820;7,25;9254200000000;1,003183584005401;5397763,99999964;117,6631637358380;2,22;3,86350e+12
2019-08-01;66,4897;1,027550038837655;28504816,44564802;181,10250;7,25;9367600000000;1,006710944643939;5491910,28007833;117,6572019508790;2,06;3,85070e+12
2019-09-01;64,4156;1,001838296938268;28750599,88326155;180,81280;7,00;9411900000000;1,004978670258394;5496575,50082460;117,7493803183130;2,03;3,87800e+12
2019-10-01;63,8734;1,039370717945474;29876415,90000046;181,04780;6,50;9354600000000;1,018388385467770;5511056,00000018;118,0185778391280;1,88;3,92490e+12
2019-11-01;64,0817;0,993821802776859;28539894,92275464;181,55480;6,50;9394000000000;1,022844953651952;5430978,49361752;117,9552911988000;1,77;3,92610e+12
2019-12-01;61,9057;1,062103773625384;30276683,22275997;182,20840;6,25;9658400000000;1,012272952320998;5341149,10318486;117,8479790695490;1,76;4,04330e+12
2020-01-01;63,0359;0,993766210905367;24756713,70000059;182,93720;6,25;9488988282000;0,989075121982180;5254152,00000008;118,3052021159750;1,65;3,98350e+12
2020-02-01;66,9909;0,977903416949486;25163482,95770172;183,54090;6,00;9670800000000;0,979300492179433;5298320,18206665;118,6294314979440;1,59;3,94140e+12
2020-03-01;77,7325;0,935503163368597;26125351,24298637;184,55040;6,00;10241000000000;0,958253269904606;5232669,09378412;118,3712403493610;1,35;4,28570e+12
2020-05-01;70,7520;0,850035436880595;24354461,49956555;186,58450;5,50;11209300000000;0,912063076480205;5072204,51396769;117,5819917406350;0,17;1,61663e+13
2020-06-01;69,9513;0,892072447520458;26441498,80448224;186,99500;4,50;11516400000000;0,946303727923575;5287377,35786001;118,2254059173010;0,20;1,65399e+13
2020-07-01;73,3633;0,913595301740380;27580834,40000049;187,64950;4,25;11817800000000;0,951984727271989;5349432,99999995;118,8234188085140;0,18;1,67418e+13
2020-08-01;74,6382;0,936203637286893;28709870,44422392;187,57450;4,25;11951300000000;0,958747062799218;5463314,91725868;119,1980940632090;0,15;1,68651e+13
2020-09-01;79,6845;0,955456626271876;29689994,34606446;187,44320;4,25;12072800000000;0,953846179398863;5470129,20914404;119,3641068443580;0,13;1,71325e+13
2020-10-01;79,3323;0,972746887108685;30967986,60000004;188,24920;4,25;12157700000000;0,974268925184006;5539370,00000022;119,4136355193980;0,12;1,73172e+13
2020-11-01;75,8599;0,989597521358234;30909305,26415531;189,58570;4,25;12134600000000;0,983087268327774;5494071,70318313;119,3407183033680;0,16;1,76372e+13
2020-12-01;73,8757;1,081629876445011;34018708,72202993;191,15930;4,25;12523900000000;0,981968605483963;5456163,88927612;119,4530750198920;0,17;1,79437e+13
2021-01-01;76,2527;0,995539669151314;26770985,20000013;192,44010;4,25;12429100000000;0,974008658862488;5444405,99999967;119,9612025378860;0,14;1,80801e+13
2021-02-01;74,4373;1,004717437055921;28005305,93094079;193,94110;4,25;12538100000000;0,969891811059231;5508159,24285225;120,6179160809980;0,11;1,82582e+13
2021-03-01;75,7023;1,043651167765250;31040298,25655306;195,22110;4,50;12569700000000;0,992422577464830;5690744,97258444;121,4722857254230;0,10;1,87156e+13
2021-04-01;74,3823;1,037982534653364;30853087,09999976;196,35340;5,00;12859888000000;1,003430639334371;5784815,99999982;122,4706554065360;0,11;1,90793e+13
2021-05-01;73,5870;1,057684247800138;31357960,05042364;197,80640;5,00;12752300000000;1,001548753187358;5833469,77644377;123,4525155293030;0,10;1,91618e+13
2021-06-01;72,3723;1,066160391926411;33189652,85233350;199,17130;5,50;12786500000000;1,003387877022596;5891614,60695293;124,5994712355340;0,09;1,93015e+13
2021-07-01;73,1388;1,062689777891213;33911192,50000107;199,78870;6,50;12938700000000;0,995515677719255;5883176,99999943;125,1988599232760;0,10;1,94440e+13
