date;za_exchange;za_gap;za_gdp;za_inflation;za_interest;za_m1;us_gap;us_gdp;us_inflation;us_interest;us_m1
1995-12-01;3,6475000000000;0,796593938253987;154298,289334271;25,23840;15,00000000000000;112745110500;1,019215766897083;1945113,41278933;70,3949223936108;5,62;1,15270e+12
1996-01-01;3,6525000000000;0,838053150979802;164727,199999807;25,54494;15,00000000000000;111989621500;1,001113380467894;1925312,99999990;70,8076613522704;5,39;1,13020e+12
1996-02-01;3,8605000000000;0,860876544897634;180339,279285632;25,57899;15,00000000000000;121380955500;1,018983811097940;1981204,37217898;71,0369607737480;5,15;1,10580e+12
1996-03-01;3,9805000000000;0,878477137872310;185389,166553895;25,78336;15,00000000000000;127735240500;1,020435851550371;2003397,39442421;71,4038398481121;5,29;1,11800e+12
1996-04-01;4,3450000000000;0,878301485350354;174189,899999874;25,95366;16,00000000000000;125969886000;1,007117859571903;2005111,99999984;71,6789991538851;5,36;1,13180e+12
1996-05-01;4,3650000000000;0,905761612289388;182257,572748358;26,12395;16,00000000000000;127703628000;1,004694024108366;2033535,01330960;71,8165788067717;5,36;1,10590e+12
1996-06-01;4,3345000000000;0,865274287900137;179492,239276288;26,36237;16,00000000000000;132768578000;1,039141133837675;2104429,82978649;71,8624386910672;5,46;1,11500e+12
1996-07-01;4,5025000000000;0,862143108596940;180246,699999581;26,56673;16,00000000000000;130835514500;0,999310372644018;2035151,99999952;72,0000183439537;5,53;1,11070e+12
1996-08-01;4,4875000000000;0,872844275434191;179826,610773734;26,70297;16,00000000000000;137142207000;1,004301780196928;2102355,66426329;72,1375979968403;5,40;1,09770e+12
1996-09-01;4,5300000000000;0,824660364980557;172771,025569280;26,97545;16,00000000000000;142337601000;1,012640487601318;2129676,13229287;72,3668974183178;5,51;1,09170e+12
1996-10-01;4,7025000000000;0,834464449833698;182640,199999898;27,21387;16,00000000000000;146137933500;1,021540760305924;2107552,99999973;72,5961968397954;5,41;1,07840e+12
1996-11-01;4,6045000000000;0,870089929256454;192956,646873093;27,31605;17,00000000000000;148342895500;1,033196692992778;2087327,32476728;72,7337764926819;5,38;1,08740e+12
1996-12-01;4,6825000000000;0,783962922416078;164682,306753867;27,58853;17,00000000000000;156055284000;1,021365705390161;2061653,61476085;72,7337764926819;5,44;1,10580e+12
1997-01-01;4,5665000000000;0,858437687492560;183798,599999798;27,92913;17,00000000000000;149660258000;1,010827126098312;2043517,99999954;72,9630759141595;5,43;1,08790e+12
1997-02-01;4,4775000000000;0,869477372374279;198635,912778088;28,09943;17,00000000000000;154860624000;1,019419191240749;2099251,08283840;73,1923753356370;5,37;1,06680e+12
1997-03-01;4,4225000000000;0,843945464658928;193838,990327015;28,26973;17,00000000000000;163382416500;1,026412360841865;2133651,72709333;73,3758148728191;5,53;1,06920e+12
1997-04-01;4,4475000000000;0,898814869365597;193374,300000049;28,50815;17,00000000000000;154058501500;1,013586232608673;2129626,00000070;73,4675346414101;5,71;1,07450e+12
1997-05-01;4,4715000000000;0,866979781921266;195112,651286198;28,61033;17,00000000000000;154713773500;1,008730921194056;2159859,69872144;73,4216747571146;5,70;1,05470e+12
1997-06-01;4,5305000000000;0,849973063479688;194683,849476250;28,67845;17,00000000000000;159467307000;1,039116091284287;2231002,08518850;73,5133945257056;5,66;1,06480e+12
1997-07-01;4,6085000000000;0,874813227533377;199399,699999759;28,98499;17,00000000000000;159382027700;1,004332243812660;2166497,00000060;73,6051142942966;5,60;1,06580e+12
1997-08-01;4,6935000000000;0,843282557994209;192482,844717887;29,01905;17,00000000000000;166661309900;1,012247735569028;2239365,25119196;73,7426939471832;5,60;1,06910e+12
1997-09-01;4,6615000000000;0,833290076804681;191523,060963636;29,15529;17,00000000000000;180584390000;1,014592345935261;2254396,57326298;73,9261334843652;5,60;1,05950e+12
1997-10-01;4,8155000000000;0,841619356676607;202071,899999858;29,29153;16,00000000000000;181862677100;1,032447545659833;2237910,99999991;74,1095730215473;5,65;1,05760e+12
1997-11-01;4,8555000000000;0,855433551068865;205478,513499640;29,18935;16,00000000000000;183196224000;1,045530557165934;2224596,15009057;74,0637131372518;5,74;1,07410e+12
1997-12-01;4,8675000000000;0,811004927241988;185730,388096812;29,29153;16,00000000000000;182365166100;1,027966269714652;2189079,36985382;73,9719933686607;5,80;1,09750e+12
1998-01-01;4,9375000000000;0,845328395983770;200855,499999728;29,52995;16,00000000000000;184370178700;1,011491348463193;2160748,99999991;74,1095730215473;5,54;1,08020e+12
1998-02-01;4,9385000000000;0,866235044200923;217672,840862942;29,59807;16,00000000000000;192790691200;1,021514135784753;2220682,28028047;74,2471526744338;5,54;1,06620e+12
1998-03-01;5,0345000000000;0,891791096811703;221389,933865680;29,80243;15,00000000000000;190288168500;1,038473820620054;2260264,64517479;74,3847323273203;5,58;1,07590e+12
1998-04-01;5,0515000000000;0,877402254207792;211533,300000005;29,93867;14,93000000000000;194035701300;1,018050654267604;2249929,99999986;74,5223119802069;5,58;1,08770e+12
1998-05-01;5,1575000000000;0,867741956817720;215290,828188784;30,07490;18,00000000000000;192987771700;1,022096230062853;2300648,89298517;74,6598916330934;5,59;1,07080e+12
1998-06-01;5,8665000000000;0,879833997024963;217627,253426558;30,17708;20,21000000000000;207995881400;1,039207611897059;2341330,87510919;74,7516114016844;5,60;1,07520e+12
1998-07-01;6,1365000000000;0,865981909984926;215701,699999696;30,89234;21,35000000000000;210391874100;1,005480147531275;2281443,99999961;74,8433311702754;5,59;1,07420e+12
1998-08-01;6,4140000000000;0,839579173384324;207248,122259740;31,23294;21,85000000000000;224995587500;1,016060890945912;2368862,21656087;74,9350509388665;5,58;1,06930e+12
1998-09-01;5,8725000000000;0,867178457567457;214103,024551959;31,77790;21,85000000000000;226257856500;1,014087772386502;2358687,13022158;75,0267707074575;5,41;1,07060e+12
1998-10-01;5,6565000000000;0,839262200918813;217642,900000032;31,91414;20,72000000000000;216120157800;1,040674492855747;2370697,99999949;75,2102102446395;5,21;1,07740e+12
1998-11-01;5,6865000000000;0,872887238356868;225972,098450874;31,91414;19,73000000000000;223042292500;1,045085097773026;2342618,99007651;75,2102102446395;5,24;1,09800e+12
1998-12-01;5,8600000000000;0,827983985147990;203840,153165016;31,91414;19,32000000000000;222984283500;1,033899116918727;2317765,49653540;75,1643503603440;5,14;1,12120e+12
1999-01-01;6,0565000000000;0,844314132080174;217376,299999800;32,15256;18,83000000000000;220593544700;1,017102871075041;2293218,00000012;75,3477898975261;4,89;1,10390e+12
1999-02-01;6,1765000000000;0,856350106747267;231564,848445661;32,15256;17,36000000000000;216239629400;1,030155119602457;2353161,62897638;75,4395096661171;4,90;1,08520e+12
1999-03-01;6,1895000000000;0,891185187954704;235967,520716946;32,15256;16,50000000000000;227866647200;1,041644309134813;2398033,09732437;75,6688090875947;4,91;1,09750e+12
1999-04-01;6,1035000000000;0,866584116819810;225691,700000011;32,22068;15,66000000000000;224359163000;1,025339452441083;2388560,99999903;76,2191276991408;4,88;1,11360e+12
1999-05-01;6,2125000000000;0,881474080848492;233797,559869453;32,18662;15,46000000000000;225175367400;1,025167671665041;2436838,19428468;76,2191276991408;4,92;1,09640e+12
1999-06-01;6,0355000000000;0,878319144033826;233695,805291706;32,35692;14,91000000000000;232687258000;1,050007551303106;2500053,79767922;76,2191276991408;5,13;1,09820e+12
1999-07-01;6,1525000000000;0,891492596881057;238959,499999801;32,39098;13,65000000000000;227916063500;1,007947607766398;2423833,00000058;76,4484271206184;5,24;1,09720e+12
1999-08-01;6,0815000000000;0,896406521034041;235687,940680662;32,25474;13,44000000000000;237655696500;1,014784342497750;2509281,26792256;76,6318666578004;5,41;1,09280e+12
1999-09-01;6,0065000000000;0,897333481989636;237781,829165557;32,39098;12,40000000000000;241176454100;1,015756886862330;2502882,57316275;76,9987457321645;5,50;1,08620e+12
1999-10-01;6,1440000000000;0,869526955426487;243662,899999990;32,45910;12,19000000000000;247801846200;1,044558774165302;2525048,00000046;77,1363253850510;6,13;1,09510e+12
1999-11-01;6,1725000000000;0,941670311854058;256922,879419484;32,52722;12,00000000000000;267125920200;1,052070843401633;2501129,58443363;77,1821852693466;6,00;1,11300e+12
1999-12-01;6,1545000000000;0,883518873648661;234197,818507099;32,62940;12,00000000000000;269315505100;1,042947083569205;2473405,57347495;77,1821852693466;6,05;1,14820e+12
2000-01-01;6,3075000000000;0,878791647962672;244300,000000091;33,00406;11,75000000000000;257337938100;1,027368724587519;2449138,99999962;77,4114846908241;5,95;1,12690e+12
2000-02-01;6,3445000000000;0,929238147413296;266595,365742794;32,90188;11,75000000000000;266706058500;1,031238157842040;2501240,95721131;77,8700835337793;6,01;1,09740e+12
2000-03-01;6,5615000000000;0,965380766378956;278473,577070305;33,24248;11,75000000000000;262681660200;1,053056634658927;2566633,19374995;78,5121219139164;6,14;1,10890e+12
2000-04-01;6,8185000000000;0,921241350300699;257523,300000117;33,68526;11,75000000000000;264698132000;1,044311088653070;2569475,99999907;78,5579817982119;6,28;1,12570e+12
2000-05-01;6,9585000000000;0,962614901609008;272936,963495731;33,82150;11,75000000000000;259333598500;1,027735964335039;2592190,84046113;78,6497015668029;6,71;1,10040e+12
2000-06-01;6,7715000000000;0,957739624252823;276513,040688853;34,02586;11,75000000000000;265945911900;1,061013097041238;2670025,63687251;79,0624405254625;6,73;1,10180e+12
2000-07-01;6,9575000000000;0,954653320472161;273459,799999710;34,33239;11,75000000000000;253265382500;1,013436366293829;2578059,99999970;79,2458800626446;6,67;1,10280e+12
2000-08-01;6,9745000000000;0,975154882538408;273241,969185100;34,46863;11,75000000000000;255134797100;1,012338166877737;2645131,19559809;79,2458800626446;6,61;1,09450e+12
2000-09-01;7,2565000000000;0,946171997357444;274128,307007011;34,63893;11,75000000000000;268082729400;1,026814639878838;2668138,14116370;79,6586190213042;6,60;1,08880e+12
2000-10-01;7,5765000000000;0,929307423903372;277854,900000178;34,74111;12,00000000000000;263998763100;1,034617932678657;2655679,00000010;79,7961986741907;6,67;1,09220e+12
2000-11-01;7,7235000000000;0,980435916550656;290372,410377471;34,80923;12,00000000000000;266579623500;1,046000792422787;2628690,74618367;79,8420585584863;6,65;1,09210e+12
2000-12-01;7,5685000000000;0,933359826290444;266747,083171590;34,91141;12,00000000000000;274354788000;1,037777683477446;2596279,76493270;79,7961986741907;6,45;1,11170e+12
2001-01-01;7,8715000000000;0,935402735134347;278789,900000040;35,35419;12,00000000000000;272425455500;1,017068446626816;2562435,99999870;80,3006574014414;5,62;1,10040e+12
2001-02-01;7,7465000000000;0,958126562212789;294468,872363064;35,45637;12,00000000000000;274206279100;1,019345671923507;2619069,39051054;80,6216765915100;5,26;1,08980e+12
2001-03-01;8,0145000000000;0,985447316135551;303045,068409005;35,69479;12,00000000000000;275411413600;1,037807023926221;2679017,38394324;80,8051161286920;4,89;1,11120e+12
2001-04-01;8,0065000000000;0,966747636099986;287788,899999781;35,86509;12,00000000000000;281716090000;1,015570417597822;2656364,00000049;81,1261353187606;4,53;1,12670e+12
2001-05-01;8,0235000000000;0,960095359031891;293700,077523972;36,00133;12,00000000000000;281692200700;1,014654660163144;2692491,50729808;81,4930143931247;4,02;1,11470e+12
2001-06-01;8,0645000000000;0,968547346221125;298348,053266365;36,17163;11,00000000000000;288335317100;1,030670189038302;2746869,39746708;81,6305940460112;3,74;1,12630e+12
2001-07-01;8,2685000000000;0,962093946840763;295577,599999779;36,13757;11,00000000000000;289148864100;0,986802387671796;2651330,99999989;81,4012946245336;3,66;1,13970e+12
2001-08-01;8,4035000000000;0,954966465796751;292474,156627265;36,06945;11,00000000000000;299547764200;0,992343886211775;2723044,06549957;81,4012946245336;3,48;1,14450e+12
2001-09-01;9,0015000000000;0,933500976937223;289685,769896222;36,17163;9,50000000000000;295853266400;0,991870961021869;2726593,03777692;81,7681736988978;2,87;1,19360e+12
2001-10-01;9,3715000000000;0,946780625418158;303784,199999869;36,13757;9,50000000000000;295867774300;1,000087939768331;2711684,99999985;81,4930143931247;2,31;1,15920e+12
2001-11-01;10,3235000000000;0,999836073096631;320989,328772004;36,30787;9,50000000000000;308637831100;1,004253429910267;2674417,44050150;81,3554347402381;2,03;1,16900e+12
2001-12-01;12,1265000000000;0,968969873126943;301578,166457955;36,51223;9,50000000000000;315556050000;0,994573947005368;2642188,09047858;81,0344155501696;1,83;1,20850e+12
2002-01-01;11,5135000000000;0,990846198705838;317361,700000006;37,12531;10,03846153846150;324687272700;0,983617363562501;2631118,99999845;81,2178550873516;1,74;1,19180e+12
2002-02-01;11,4185000000000;0,992674612496423;333377,034139610;37,57352;10,50000000000000;335207561800;0,981379280387735;2672234,51875190;81,5388742774202;1,82;1,17830e+12
2002-03-01;11,3865000000000;1,001592829076697;341027,017882067;37,95043;11,00000000000000;341218529900;0,990723665422765;2718830,71761666;81,9974731203753;1,91;1,19680e+12
2002-04-01;10,6915000000000;1,028723202172188;336997,299999905;38,59728;11,50000000000000;339963898900;0,976285321102368;2721841,99999944;82,4560719633304;1,87;1,19690e+12
2002-05-01;9,7915000000000;1,027660720047579;346568,964830735;38,78573;11,50000000000000;350024096900;0,975755307934503;2756757,47475834;82,4560719633304;1,82;1,18600e+12
2002-06-01;10,2515000000000;0,998260613291980;343671,799493662;39,11680;12,04166666666670;347028047900;1,006079418862795;2849975,42165381;82,5019318476259;1,81;1,19470e+12
2002-07-01;10,1835000000000;1,015518633495312;348665,399999765;39,73819;12,50000000000000;339388819100;0,966893753843796;2751462,99999955;82,5936516162170;1,79;1,20040e+12
2002-08-01;10,5215000000000;1,023244515487699;348137,662637471;39,95211;12,50000000000000;348923081400;0,979850362373972;2837585,73710039;82,8688109219900;1,73;1,18230e+12
2002-09-01;10,5385000000000;1,004105520503405;348240,680784205;40,30355;13,04545454545450;359313376200;0,972794089884870;2845568,64757896;83,0063905748766;1,76;1,18580e+12
2002-10-01;10,0835000000000;0,995562314306567;357654,899999930;40,90456;13,50000000000000;346246834400;0,983090788623861;2824685,99999974;83,1439702277631;1,73;1,19660e+12
2002-11-01;9,2900000000000;1,027953935258719;368795,864023532;41,39352;13,50000000000000;352931105600;0,992453822560822;2794147,63814378;83,1439702277631;1,39;1,20530e+12
2002-12-01;8,6400000000000;0,985347590571906;343320,581815659;41,44445;13,50000000000000;358251006600;0,978704850263079;2747136,66401462;82,9605306905811;1,34;1,24550e+12
2003-01-01;8,5600000000000;0,995536296745216;357616,999999897;41,78061;13,50000000000000;347044483800;0,972908414070029;2743733,99999993;83,3274097649451;1,29;1,22550e+12
2003-02-01;8,1400000000000;0,990551569789134;371985,933380150;41,73477;13,50000000000000;345219892600;0,970464846997787;2799105,38106783;83,9694481450823;1,27;1,22550e+12
2003-03-01;7,9200000000000;1,008383546980258;377200,422501044;41,97925;13,50000000000000;352861610900;0,979219740212345;2852943,72929883;84,4739068723329;1,23;1,24510e+12
2003-04-01;7,2600000000000;1,008611029124626;368052,199999849;42,07603;13,50000000000000;346969520500;0,966182401269192;2831412,99999963;84,2904673351509;1,24;1,25960e+12
2003-05-01;8,1100000000000;1,007607244786022;375757,960240965;42,07603;13,50000000000000;335857237000;0,965337008111862;2879535,14310299;84,1528876822644;1,22;1,26660e+12
2003-06-01;7,5550000000000;0,995299789423405;374151,451632278;41,99963;12,65217391304350;336751800700;1,001714871976210;2970195,26712620;84,2446074508554;1,04;1,28470e+12
2003-07-01;7,4450000000000;1,007103752297207;378383,999999839;41,78571;12,00000000000000;336409356700;0,970989979583721;2886905,00000094;84,3363272194464;1,05;1,28790e+12
2003-08-01;7,3300000000000;1,002821081952840;373357,571005419;41,87739;11,46153846153850;339693003700;0,978778799971807;2977363,40963603;84,6573464095150;1,08;1,29220e+12
2003-09-01;6,9250000000000;1,004952393878003;375432,808219936;41,59216;10,33333333333330;362070103900;0,989024720624420;3004592,70972631;84,9325057152881;1,08;1,28620e+12
2003-10-01;6,9050000000000;0,987156205610938;386345,799999826;41,27128;9,27777777777778;359681671300;1,004954467920997;2994399,00000070;84,8407859466971;1,10;1,28880e+12
2003-11-01;6,4100000000000;1,011070002294178;395851,075323235;40,80269;8,50000000000000;373673821300;1,023470241363886;2985914,49416806;84,6114865252195;1,11;1,29390e+12
2003-12-01;6,6400000000000;0,980539199764310;375684,496206375;40,76704;8,21739130434783;387787696900;1,014443025095830;2946701,95723588;84,5197667566285;1,10;1,33250e+12
2004-01-01;7,0000000000000;0,999255623751859;391975,299999838;40,94530;8,00000000000000;392055467400;0,997847559989443;2924602,00000072;84,9325057152881;1,06;1,30180e+12
2004-02-01;6,6500000000000;0,999391805075862;406680,067197546;41,07264;8,00000000000000;415657720500;1,006156907838244;2998985,40931775;85,3911045582432;1,05;1,30670e+12
2004-03-01;6,3700000000000;1,036037743424792;421857,831516547;41,26619;8,00000000000000;402236484800;1,016263084155973;3040979,14013263;85,9414231697893;1,05;1,33790e+12
2004-04-01;6,8550000000000;1,011096606144064;405154,199999887;41,31203;8,00000000000000;395293711100;1,000575835281183;3032385,99999996;86,2165824755624;1,08;1,34320e+12
2004-05-01;6,5200000000000;1,019152569076426;419950,238860302;41,31712;8,00000000000000;389087973100;1,005789136874827;3081115,18870992;86,7210412028130;1,20;1,33340e+12
2004-06-01;6,2700000000000;1,012833635203648;418331,861773407;41,35277;8,00000000000000;403308641900;1,025075613909677;3138807,11764258;86,9962005085861;1,46;1,34770e+12
2004-07-01;6,2450000000000;1,010194051302342;422079,099999971;41,43427;8,00000000000000;392501475500;0,999006285430497;3069688,00000010;86,8586208556996;1,57;1,33880e+12
2004-08-01;6,6800000000000;1,013660235142926;422112,432280519;41,35277;7,68000000000000;406986676700;1,008432260599744;3162158,09595399;86,9044807399951;1,68;1,35260e+12
2004-09-01;6,4500000000000;1,003739979717956;424512,679769803;41,36296;7,50000000000000;420165948100;1,014356274786083;3170891,10327990;87,0879202771771;1,86;1,34910e+12
2004-10-01;6,1750000000000;0,987719047766080;433225,499999939;41,48011;7,50000000000000;415351129500;1,042062760281570;3190521,00000029;87,5465191201322;2,04;1,35140e+12
2004-11-01;5,7850000000000;1,006102840615347;442474,874166883;41,72459;7,50000000000000;419871447500;1,047740010112203;3151491,04861689;87,5923790044278;2,26;1,37100e+12
2004-12-01;5,6300000000000;0,978925283160006;421578,953412126;41,66347;7,50000000000000;421494124400;1,039720909407577;3120734,09069833;87,2713598143592;2,45;1,40150e+12
2005-01-01;5,9500000000000;0,975087563764935;430827,399999977;41,79080;7,50000000000000;417541683600;1,033908709695069;3111328,99999934;87,4547993515412;2,61;1,36150e+12
2005-02-01;5,8450000000000;0,984166487159008;447433,648404714;41,81117;7,50000000000000;433378370200;1,039248504029465;3174655,18789935;87,9592580787919;2,77;1,35500e+12
2005-03-01;6,2350000000000;0,997821978430632;456305,960466583;42,06584;7,50000000000000;434154278400;1,040420396295791;3206070,96972027;88,6471563432245;2,97;1,38170e+12
2005-04-01;6,1000000000000;0,997397323930531;450026,500000028;42,19317;7,24000000000000;455562986100;1,038039954493942;3232050,99999976;89,2433348390662;3,09;1,36940e+12
2005-05-01;6,7150000000000;1,007745778700335;461610,231872433;42,09130;7,00000000000000;446167955900;1,029628463324162;3278663,13541413;89,1516150704752;3,22;1,36950e+12
2005-06-01;6,6500000000000;1,012234020879702;466091,338944744;42,00472;7,00000000000000;458284515500;1,061320071211976;3375329,65824269;89,1974749547707;3,38;1,38430e+12
2005-07-01;6,6200000000000;1,019529829456063;472308,099999846;42,31541;7,00000000000000;463704688700;1,030932155726165;3306451,00000028;89,6102139134303;3,57;1,36540e+12
2005-08-01;6,5050000000000;1,039010728754672;476731,025391898;42,38672;7,00000000000000;489830571700;1,034677913576271;3388515,53761410;90,0688127563854;3,77;1,37690e+12
2005-09-01;6,3600000000000;1,041834287836017;483678,742556351;42,42237;7,00000000000000;500038441700;1,031004283353078;3375793,04134478;91,1694499794777;3,87;1,36350e+12
2005-10-01;6,6950000000000;1,010383290210695;483839,500000139;42,47331;7,00000000000000;491884308700;1,056085678153975;3389366,99999937;91,3528895166597;4,13;1,36540e+12
2005-11-01;6,4600000000000;1,043029578264941;496719,670064735;42,46312;7,00000000000000;497318558900;1,067857039083522;3372104,62915603;90,6191313679315;4,31;1,37360e+12
2005-12-01;6,3250000000000;1,012600506338075;473457,194415056;42,50387;7,00000000000000;503052637300;1,055388320749396;3341163,97843722;90,2522522935675;4,45;1,39720e+12
2006-01-01;6,0950000000000;1,000753865427699;479549,999999854;42,66685;7,00000000000000;507636438500;1,047950684381190;3333266,00000117;90,9401505580001;4,56;1,37550e+12
2006-02-01;6,1300000000000;1,005720549611839;494264,489503456;42,72288;7,00000000000000;523525388800;1,048274203050308;3390764,51041370;91,1235900951822;4,72;1,36200e+12
2006-03-01;6,2050000000000;1,031957502689117;512292,930006301;42,85021;7,00000000000000;540522956100;1,067504351805078;3456080,20078092;91,6280488224328;4,88;1,39470e+12
2006-04-01;6,1500000000000;1,029408395040864;500491,799999971;42,95208;7,00000000000000;542148570000;1,055791123098109;3460989,99999993;92,4076668554565;5,03;1,39360e+12
2006-05-01;6,6400000000000;1,046024094591725;519398,631623738;43,11507;7,00000000000000;544463628200;1,043312234607098;3491412,68406566;92,8662656984116;5,15;1,39210e+12
2006-06-01;7,1700000000000;1,058511255688374;528519,843925467;43,43085;7,38000000000000;558002934500;1,066934257819373;3559046,76705503;93,0497052355937;5,35;1,37900e+12
2006-07-01;6,8750000000000;1,063353246755149;534799,799999921;43,73136;7,50000000000000;581413591900;1,027509208054901;3463694,00000009;93,3248645413668;5,46;1,36860e+12
2006-08-01;7,1200000000000;1,068929028012262;534347,096034268;44,03187;7,96153846153846;572261199300;1,029318740159581;3555481,74737929;93,5083040785488;5,38;1,37060e+12
2006-09-01;7,7650000000000;1,047354067785285;533578,359991135;44,14392;8,00000000000000;578690938700;1,034536740185879;3572581,03648545;93,0497052355937;5,34;1,34740e+12
2006-10-01;7,4500000000000;1,039544524954649;542752,299999868;44,37821;8,30769230769231;589060943800;1,039414683308252;3557632,99999958;92,5452465083431;5,33;1,36030e+12
2006-11-01;7,1250000000000;1,077450299663997;561559,177615916;44,37821;8,50000000000000;599987274800;1,049875880552680;3526359,85253439;92,4076668554565;5,32;1,36850e+12
2006-12-01;6,9700000000000;1,053916982670136;542645,198975729;44,55139;8,87500000000000;605679316100;1,048807690352205;3522040,22093715;92,5452465083431;5,32;1,38770e+12
2007-01-01;7,1500000000000;1,068537073162523;557505,699999872;44,87736;9,00000000000000;586490388100;1,026303590425071;3482006,00000045;92,8277433956034;5,32;1,36900e+12
2007-02-01;7,2700000000000;1,063393151385782;574419,983222861;44,82133;9,00000000000000;633296199800;1,027123384495572;3533193,20766749;93,3244059425238;5,31;1,34750e+12
2007-03-01;7,2750000000000;1,092035988566645;589440,017518322;45,13203;9,00000000000000;647132680700;1,045805558062532;3603373,39092981;94,1741895985196;5,30;1,37840e+12
2007-04-01;7,0650000000000;1,063514826052235;571947,499999912;45,51403;9,00000000000000;645932983800;1,032045995635140;3613882,00000029;94,7859604550218;5,31;1,39230e+12
2007-05-01;7,1200000000000;1,089046654046115;594361,343409720;45,72285;9,00000000000000;660823256200;1,029072253506030;3644876,02634712;95,3651707936741;5,31;1,38560e+12
2007-06-01;7,1100000000000;1,073779887031452;591838,303728516;46,04883;9,38000000000000;665872430600;1,044947457394678;3718325,45469425;95,5499861273850;5,33;1,37080e+12
2007-07-01;7,0900000000000;1,080516781419082;599257,999999957;46,44611;9,50000000000000;669360894500;1,011957559826016;3637993,00000022;95,5256803887084;5,32;1,36860e+12
2007-08-01;7,1350000000000;1,087343044204242;603643,877732648;46,74152;9,75000000000000;713233967200;1,013181271278918;3719588,26068864;95,3504956306995;5,49;1,37280e+12
2007-09-01;6,8700000000000;1,055316339634640;594456,374595791;47,00637;10,00000000000000;702665279600;1,020591366622073;3748819,50284005;95,6132727677128;5,46;1,35630e+12
2007-10-01;6,5400000000000;1,080367117642070;617938,599999980;47,43931;10,30000000000000;698839525300;1,031605703271341;3740349,99999955;95,8178078516708;5,08;1,36940e+12
2007-11-01;6,7450000000000;1,103123646423712;632974,417309456;47,58701;10,50000000000000;731629273700;1,040778184397287;3720595,69327754;96,3869290157781;4,97;1,37050e+12
2007-12-01;6,8100000000000;1,071264323224154;605239,000580986;47,92317;10,89473684210530;738317276800;1,032456783643837;3689505,15469418;96,3222665789214;5,02;1,39490e+12
2008-01-01;7,4300000000000;1,079040154324137;620116,399999739;48,60000;11,00000000000000;769055910200;1,018260179343372;3657486,99999926;96,8010437709666;3,84;1,37590e+12
2008-02-01;7,7250000000000;1,086473208558625;639061,593204172;48,80000;11,00000000000000;769179611300;1,012656656223525;3679901,72911979;97,0821648616980;3,06;1,36590e+12
2008-03-01;8,1000000000000;1,076142123284316;645064,756197851;49,50000;11,00000000000000;747133887800;1,011142382356156;3717315,75935334;97,9236937385207;2,79;1,40110e+12
2008-04-01;7,5950000000000;1,088145528820091;645385,900000030;49,80000;11,30952380952380;710768775400;0,996556169949179;3715835,00000035;98,5175792401476;2,85;1,40660e+12
2008-05-01;7,6100000000000;1,084563270081988;657292,095507143;50,20000;11,50000000000000;742099784600;0,979602745139421;3722356,61008657;99,3471845470534;2,66;1,39650e+12
2008-06-01;7,8150000000000;1,086377200308893;665883,675276365;50,90000;11,78571428571430;761197011600;0,992855866575478;3779406,37016216;100,3483058212240;2,76;1,40730e+12
2008-07-01;7,3300000000000;1,092086373488052;674474,999999771;51,70000;12,00000000000000;735153876400;0,969154283228817;3698181,99999965;100,8752358917800;2,79;1,41770e+12
2008-08-01;7,7050000000000;1,089429971237320;670799,095318938;52,00000;12,00000000000000;743468368200;0,968973718726762;3750189,78988298;100,4725861076650;2,79;1,40130e+12
2008-09-01;8,2700000000000;1,076635328214692;665386,850915832;52,30000;12,00000000000000;752975950300;0,954256370390734;3707965,44035310;100,3336306582500;3,59;1,44150e+12
2008-10-01;10,1100000000000;1,060376578324080;671653,500000037;52,50000;12,00000000000000;754085955700;0,964655778363696;3698359,99999964;99,3201272153190;4,32;1,46260e+12
2008-11-01;10,1350000000000;1,061335040415800;678137,560185527;52,50000;12,00000000000000;771475098100;0,965110634797492;3647337,15554001;97,4178592147412;2,36;1,51370e+12
2008-12-01;9,3050000000000;1,034914432879244;654792,207506004;52,40000;11,70833333333330;753655119300;0,943817929769444;3582487,67931534;96,4103175567688;1,77;1,63230e+12
2009-01-01;10,2000000000000;1,035581463009108;666641,899999808;52,70000;11,50000000000000;722856034500;0,926063758918934;3522117,00000025;96,8299354980727;1,02;1,58070e+12
2009-02-01;10,0500000000000;1,031786791463721;684994,684964182;53,20000;10,70000000000000;729791367800;0,921881419294279;3567835,07801833;97,3114642831756;1,16;1,55200e+12
2009-03-01;9,4950000000000;1,045855460750624;700506,396882063;54,00000;10,27272727272730;731868143400;0,919973051351537;3597427,31083848;97,5481012861404;1,07;1,59490e+12
2009-04-01;8,4650000000000;1,043594036122081;690134,399999898;54,20000;9,50000000000000;744685309900;0,912848649650727;3598009,99999910;97,7916172717496;0,89;1,62770e+12
2009-05-01;7,9500000000000;1,037257363196221;704252,595922128;54,40000;8,45000000000000;768283158400;0,907883638564346;3608944,15527822;98,0741141590100;0,57;1,61790e+12
2009-06-01;7,6850000000000;1,036875217384953;707638,417862461;54,60000;7,50000000000000;771767119600;0,917287890665974;3647570,35817180;98,9165602335185;0,39;1,66170e+12
2009-07-01;7,8050000000000;1,037364907188547;716074,499999770;55,10000;7,50000000000000;762835005800;0,903617315133039;3623204,00000015;98,7597194292279;0,35;1,65760e+12
2009-08-01;7,7850000000000;1,030204447547719;710003,676342198;55,30000;7,19565217391304;779649626100;0,908794472258110;3700963,90988665;98,9812226703752;0,30;1,65130e+12
2009-09-01;7,4400000000000;1,028178356763956;712139,638816552;55,40000;7,00000000000000;761785937700;0,913104915769954;3720213,91605170;99,0431335141741;0,25;1,64100e+12
2009-10-01;7,7100000000000;1,009571283185045;721377,600000098;55,40000;7,00000000000000;765629591000;0,927422272679111;3734737,99999977;99,1385220735088;0,24;1,66430e+12
2009-11-01;7,4300000000000;1,016925347371079;730552,334930514;55,40000;7,00000000000000;790947832200;0,926829475229687;3695754,02784295;99,2086876964809;0,21;1,68310e+12
2009-12-01;7,3800000000000;1,004338221323718;712580,765311400;55,60000;7,00000000000000;806344793500;0,917044794696769;3635431,28660335;99,0339615373150;0,22;1,72440e+12
2010-01-01;7,5550000000000;0,997087884174301;715442,099999930;55,80000;7,00000000000000;796554831100;0,905897237007721;3602417,99999986;99,3724074834159;0,20;1,67420e+12
2010-02-01;7,7150000000000;0,996487347459527;738895,934096136;56,10000;7,00000000000000;796212021500;0,904149069972452;3644081,71683069;99,3971718209355;0,19;1,68520e+12
2010-03-01;7,3350000000000;1,039982552274302;768189,194718249;56,60000;6,90384615384615;815747384300;0,918365820940148;3725758,92225572;99,8053247911655;0,23;1,72950e+12
2010-04-01;7,3300000000000;1,031795361175520;764970,099999889;56,60000;6,50000000000000;810015194500;0,919586027382262;3755369,99999985;99,9786751538026;0,30;1,71600e+12
2010-05-01;7,5950000000000;1,029910357228298;773959,314330378;56,70000;6,50000000000000;822158154500;0,923480967298260;3797918,97373596;100,0561783582620;0,45;1,70820e+12
2010-06-01;7,6400000000000;1,020790552277733;775846,220169977;56,70000;6,50000000000000;823031903600;0,937388835788518;3848138,85423272;99,9584968047126;0,52;1,73230e+12
2010-07-01;7,3350000000000;1,012180139384115;777732,999999953;57,10000;6,50000000000000;831785137500;0,917640188530603;3793866,99999991;99,9795923514885;0,41;1,71840e+12
2010-08-01;7,4150000000000;1,019961573088872;776314,888942851;57,10000;6,50000000000000;832804831500;0,922300422548943;3869004,94710238;100,1176306032180;0,32;1,73960e+12
2010-09-01;6,9800000000000;1,019435928963583;781367,533217787;57,20000;6,16000000000000;847187800100;0,929837519108045;3881784,15188220;100,1758726562730;0,28;1,74140e+12
2010-10-01;6,9650000000000;1,018360177627049;797467,899999923;57,30000;6,00000000000000;842832571500;0,940979958852170;3897314,99999996;100,3006115415570;0,27;1,76740e+12
2010-11-01;7,1305000000000;1,033589968816438;807167,784769595;57,40000;5,80769230769231;881201806400;0,943100565096423;3842785,46133704;100,3428026351090;0,27;1,82870e+12
2010-12-01;6,6316000000000;1,011272129580513;782619,251297843;57,50000;5,50000000000000;862875586900;0,942057249878144;3801549,49192326;100,5152358000600;0,30;1,87140e+12
2011-01-01;7,1782500000000;0,994639271684469;783164,999999854;57,80000;5,50000000000000;863215790500;0,937536158620479;3764834,99999983;100,9940129921050;0,29;1,85560e+12
2011-02-01;6,9638500000000;1,010577161668457;811467,128699212;58,10000;5,50000000000000;861337724900;0,938093821806140;3811290,37897623;101,4920513355540;0,28;1,85870e+12
2011-03-01;6,7924500000000;1,033189346323448;838822,215964913;58,80000;5,50000000000000;883351715400;0,957312529913168;3889924,36634808;102,4817076386520;0,28;1,90940e+12
2011-04-01;6,5923500000000;1,028092033882176;826404,999999753;59,00000;5,50000000000000;887219277900;0,953693627741403;3893028,00000000;103,1416313736640;0,23;1,91800e+12
2011-05-01;6,8604000000000;1,035711155274584;842970,907680762;59,30000;5,50000000000000;880284929600;0,950072606962065;3915390,70431862;103,6268289495110;0,21;1,93420e+12
2011-06-01;6,8163500000000;1,040015866651253;851487,616656289;59,60000;5,50000000000000;885001393800;0,966269312835400;3971412,13377942;103,5158480295150;0,22;1,95410e+12
2011-07-01;6,7326000000000;1,029821696397214;848167,299999891;60,10000;5,50000000000000;899614648100;0,950420695683124;3927582,99999931;103,6075677981060;0,24;1,99450e+12
2011-08-01;7,0375000000000;1,056377125860880;861527,899976375;60,10000;5,50000000000000;893359141700;0,958757425116691;3991103,75616282;103,8932748772670;0,29;2,10190e+12
2011-09-01;8,0828000000000;1,052035755678407;865418,873689647;60,50000;5,50000000000000;903720437200;0,961071375596614;4005422,02190625;104,0510328792440;0,33;2,09910e+12
2011-10-01;7,8300000000000;1,039530816595959;869309,799999877;60,90000;5,50000000000000;918907740600;0,975039258962933;4014287,99999995;103,8364086207410;0,37;2,12810e+12
2011-11-01;8,3287500000000;1,050316498409231;879222,184746048;60,90000;5,50000000000000;942360366000;0,987062485137958;3978513,62740210;103,7488162417370;0,41;2,16440e+12
2011-12-01;8,1429000000000;1,023138011203843;849520,122272799;61,10000;5,50000000000000;947269325800;0,996812258801101;3966026,11287826;103,4929180873680;0,49;2,20810e+12
2012-01-01;7,7804000000000;1,012156486583287;847279,800000128;61,40000;5,50000000000000;950435046800;0,991840125835749;3960259,00000036;103,9483067384220;0,40;2,20920e+12
2012-02-01;7,4310000000000;1,023385256027483;878918,822679569;61,70000;5,50000000000000;943257934500;0,994379159232031;4002947,70923788;104,4059883836910;0,30;2,19450e+12
2012-03-01;7,6733000000000;1,029990956624876;896826,934436602;62,40000;5,50000000000000;964042353000;0,999345285395334;4042896,91106817;105,1989057831610;0,29;2,24600e+12
2012-04-01;7,7446500000000;1,026236643500110;892323,699999671;62,70000;5,50000000000000;934182220500;0,997163997746842;4047164,99999992;105,5167147813290;0,29;2,26860e+12
2012-05-01;8,5321500000000;1,039019081408473;907967,457824564;62,70000;5,50000000000000;955409740000;0,994176970595423;4072389,28044631;105,3928930937310;0,29;2,24840e+12
2012-06-01;8,2028000000000;1,026094116992705;903251,621723759;63,00000;5,50000000000000;954229375900;1,003172809265469;4140183,56375395;105,2383452836550;0,32;2,27100e+12
2012-07-01;8,1819000000000;1,023941487423408;903428,399999978;63,00000;5,30769230769231;987670637800;0,979578380311330;4086345,99999976;105,0668293163900;0,30;2,31460e+12
2012-08-01;8,4118000000000;1,034931236083699;910543,446725268;63,30000;5,00000000000000;992920413400;0,977749340258101;4153103,31862936;105,6515428411570;0,26;2,33460e+12
2012-09-01;8,3051500000000;1,021426295214571;908662,392031470;63,80000;5,00000000000000;1005768161000;0,976134642842022;4164071,48840299;106,1229824517150;0,24;2,35800e+12
2012-10-01;8,6761000000000;1,015623938300230;923353,100000092;64,20000;5,00000000000000;1002020543300;0,987274735770768;4160200,99999987;106,0817085558490;0,23;2,41620e+12
2012-11-01;8,8194000000000;1,027186886454236;939092,533563708;64,40000;5,00000000000000;1033097964000;1,002585458639726;4128148,47852748;105,5790842239700;0,23;2,41520e+12
2012-12-01;8,5011500000000;1,007585255843276;909693,652105737;64,60000;5,00000000000000;1035141814200;1,004761737161555;4102895,70108546;105,2947529413380;0,24;2,50970e+12
2013-01-01;8,9541000000000;1,007761061359360;914543,099999893;64,80000;5,00000000000000;1024597884900;0,993747750206942;4065317,99999940;105,6061415557050;0,23;2,48130e+12
2013-02-01;8,9485000000000;1,003657029857066;938488,653612309;65,40000;5,00000000000000;1024512503700;0,987123568147643;4113614,66316796;106,4710589735180;0,22;2,45570e+12
2013-03-01;9,1979000000000;1,010656748239450;959277,722830471;66,20000;5,00000000000000;1048657506400;0,985657977198151;4159179,64629966;106,7494284711920;0,21;2,49720e+12
2013-04-01;8,9753500000000;1,028243942461233;968387,699999857;66,30000;5,00000000000000;1059042828900;0,982033028625241;4177428,00000023;106,6384475511970;0,20;2,54230e+12
2013-05-01;10,1457500000000;1,026997334415868;977651,616701775;66,20000;5,00000000000000;1065188518400;0,984134483593963;4216093,01240849;106,8283074721800;0,20;2,51850e+12
2013-06-01;10,0891500000000;1,011411397007433;971764,275024020;66,40000;5,00000000000000;1103206962400;0,999851776004542;4298139,66809593;107,0846642253920;0,19;2,52350e+12
2013-07-01;9,8699000000000;1,020824718273759;980870,499999930;67,10000;5,00000000000000;1116216484000;0,979057330878871;4249371,00000084;107,1268553189440;0,14;2,54370e+12
2013-08-01;10,3185000000000;1,021708877969923;983858,761064498;67,30000;5,00000000000000;1105929820800;0,984727946268229;4334947,14964595;107,2557215938140;0,12;2,53740e+12
2013-09-01;10,0487500000000;1,006394234205190;981007,519406635;67,60000;5,00000000000000;1122264082800;0,982669854531553;4343893,88657127;107,3804604790980;0,11;2,55580e+12
2013-10-01;9,8617000000000;1,016014852851856;1004829,000000072;67,80000;5,00000000000000;1121296955600;0,998002638659358;4351080,99999952;107,1039253767960;0,12;2,61840e+12
2013-11-01;10,1608000000000;1,025185870445864;1015096,241593760;67,90000;5,00000000000000;1137250352200;1,004295716892481;4303287,40861257;106,8851737287070;0,12;2,60720e+12
2013-12-01;10,4898500000000;1,011369032925669;989536,997484058;68,00000;5,00000000000000;1132038944800;0,997384784647986;4255554,29293697;106,8760017518480;0,14;2,71570e+12
2014-01-01;11,2801500000000;1,007566216945008;991281,799999989;68,50000;5,03846153846154;1120567699300;0,978195711470191;4203940,00000003;107,2736069486900;0,12;2,70170e+12
2014-02-01;10,7130000000000;0,997497665451867;1011863,763413115;69,20000;5,50000000000000;1123394787100;0,978920442681339;4272375,96302790;107,6702949478460;0,13;2,70620e+12
2014-03-01;10,5792000000000;1,005284020973252;1028500,181003201;70,10000;5,50000000000000;1217286369600;0,992831678997041;4348456,16894643;108,3636963983940;0,12;2,77330e+12
2014-04-01;10,5493000000000;1,010012381799599;1030616,699999976;70,50000;5,50000000000000;1183665549900;0,989623668407161;4360753,99999967;108,7209448970560;0,12;2,80960e+12
2014-05-01;10,4359000000000;1,008897089896126;1041860,036116239;70,70000;5,50000000000000;1187800494200;0,992269465434002;4408536,09127730;109,1006647390230;0,11;2,78220e+12
2014-06-01;10,6025000000000;1,015650536828842;1046632,629589210;70,90000;5,50000000000000;1201922783900;1,007250326042041;4492993,41801848;109,3038240264520;0,11;2,82480e+12
2014-07-01;10,7041000000000;1,013613361640982;1046828,399999972;71,50000;5,61111111111111;1227862956000;0,993303985167809;4454941,99999983;109,2611743340570;0,13;2,84120e+12
2014-08-01;10,6261500000000;1,015551318462665;1050777,232838230;71,70000;5,75000000000000;1233127106400;0,995947746670887;4525162,14714563;109,0786519945610;0,13;2,79020e+12
2014-09-01;11,3346500000000;1,015574406675156;1055041,859927154;71,70000;5,75000000000000;1262157719900;0,995648689170468;4529227,35857805;109,1607411874500;0,12;2,83460e+12
2014-10-01;10,9209000000000;1,007960323172148;1065146,199999874;71,80000;5,75000000000000;1226571683200;1,006327220321608;4531051,99999990;108,8864990793630;0,12;2,86500e+12
2014-11-01;10,9735000000000;1,010894067768476;1073072,557898859;71,80000;5,75000000000000;1298600719000;1,006602126033642;4494468,33333845;108,2985753626940;0,13;2,86110e+12
2014-12-01;11,5809500000000;1,011065234172062;1057325,117521449;71,70000;5,75000000000000;1241271859500;0,993744425776289;4439925,85438606;107,6845115119770;0,15;2,99200e+12
2015-01-01;11,5895000000000;1,003344736952049;1058149,599999908;71,60000;5,75000000000000;1237106132600;0,982285559125729;4389972,99999984;107,1777597905120;0,16;2,94110e+12
2015-02-01;11,6244000000000;1,008410289549486;1086007,959641507;72,10000;5,75000000000000;1256530482800;0,985950769382636;4447778,33434576;107,6432376161110;0,15;2,97960e+12
2015-03-01;12,1768000000000;1,022192909337099;1111499,109386244;73,00000;5,75000000000000;1305821915600;0,999874557814569;4528324,14714643;108,2839001997200;0,14;3,02390e+12
2015-04-01;11,8266000000000;1,012703313114493;1106056,499999958;73,70000;5,75000000000000;1301067835400;0,998718827501409;4556247,99999953;108,5040276443380;0,13;3,03540e+12
2015-05-01;12,1810000000000;1,012753556415506;1112597,894587207;73,80000;5,75000000000000;1306160911100;0,994508163060176;4587554,30471719;109,0570978489420;0,15;2,97590e+12
2015-06-01;12,1983000000000;1,014213879589087;1112510,793557825;74,20000;5,75000000000000;1312159284600;1,000988585525064;4641073,71412998;109,4391106851240;0,18;3,02070e+12
2015-07-01;12,6556000000000;1,009382253427922;1115422,599999616;74,80000;5,81250000000000;1346961123900;0,987096256702274;4605088,00000031;109,4464482666110;0,19;3,03840e+12
2015-08-01;13,3430500000000;1,011941041747524;1118215,857996329;74,90000;6,00000000000000;1339886634900;0,985325407020024;4664208,73990860;109,2914418576920;0,26;3,02230e+12
2015-09-01;13,8790000000000;1,019528976151752;1131268,035606053;74,90000;6,00000000000000;1353925757300;0,979731409437202;4640415,02546699;109,1213016869560;0,27;3,01630e+12
2015-10-01;13,8026500000000;1,005431625637962;1141163,900000035;75,10000;6,00000000000000;1363972412600;0,990689165182924;4654714,99999994;109,0722316107600;0,25;3,01190e+12
2015-11-01;14,4417000000000;1,011238959957932;1151369,473639184;75,20000;6,08333333333333;1436679234100;0,991455335063094;4594931,78286605;108,8420149915960;0,30;3,05620e+12
2015-12-01;15,5450000000000;1,007567826658302;1136165,239996124;75,40000;6,25000000000000;1428504360600;0,984614310981104;4532253,10780961;108,4700913299600;0,54;3,14110e+12
2016-01-01;16,0758500000000;1,002740491537528;1136270,399999995;76,00000;6,27380952380952;1445289491700;0,977943213352822;4496788,00000001;108,6494034775550;0,57;3,09400e+12
2016-02-01;16,0610000000000;1,015874429978770;1173058,079609379;77,10000;6,75000000000000;1416193716200;0,980205126287227;4559972,02558441;108,7388302519310;0,54;3,09660e+12
2016-03-01;14,7321000000000;1,022976543286098;1193905,570890469;77,70000;6,83333333333333;1490171722500;0,985172291746396;4616593,31329375;109,2070596705880;0,55;3,17980e+12
2016-04-01;14,1679500000000;1,026356790018205;1200075,499999790;78,50000;7,00000000000000;1449868646600;0,987586097677701;4666050,99999979;109,7248177642850;0,55;3,23450e+12
2016-05-01;15,7881000000000;1,027173001361228;1207022,214347347;78,60000;7,00000000000000;1436986995900;0,978198486072077;4689325,14401629;110,1687414442650;0,57;3,23480e+12
2016-06-01;14,7751500000000;1,022432532280727;1209392,264136265;79,00000;7,00000000000000;1436672076400;0,986294805461387;4763522,68115580;110,5305759313570;0,55;3,24700e+12
2016-07-01;14,1508500000000;1,015724710743643;1204502,599999747;79,70000;7,00000000000000;1451769178000;0,967864418199479;4720618,00000035;110,3517223826040;0,62;3,24470e+12
2016-08-01;14,5349000000000;1,022179775613324;1208763,290796170;79,60000;7,00000000000000;1469582844300;0,967068436992429;4782272,77617812;110,4530727268970;0,73;3,31900e+12
2016-09-01;13,8876000000000;1,019683550325499;1217127,762021588;79,70000;7,00000000000000;1465062743800;0,966293498936630;4791446,90608495;110,7186014569680;0,75;3,29640e+12
2016-10-01;13,8450500000000;1,007039235960880;1218705,999999852;80,10000;7,00000000000000;1518266049900;0,982731694753703;4811649,00000009;110,8566397086980;0,72;3,32770e+12
2016-11-01;14,0018000000000;1,019156014356359;1233732,460888353;80,40000;7,00000000000000;1610126894100;0,987311569132684;4747911,09218497;110,6842065437470;0,71;3,32850e+12
2016-12-01;13,6844500000000;1,003321737479671;1208513,520080026;80,70000;7,00000000000000;1606911372400;0,984910018934356;4690310,79683029;110,7204358523400;0,87;3,38400e+12
2017-01-01;13,4515000000000;0,997330831580420;1207915,799999914;81,20000;7,00000000000000;1604181206700;0,971909420028327;4647311,00000014;111,3656844243780;0,90;3,38860e+12
2017-02-01;13,0248500000000;1,004108980674880;1238593,261830295;82,10000;7,00000000000000;1577975058500;0,975830350970726;4732153,21342716;111,7160539403960;0,87;3,35800e+12
2017-03-01;13,2735500000000;1,015111619906685;1267061,496296581;82,50000;7,00000000000000;1603405716200;0,984716337365360;4808334,51864386;111,8068565113010;0,98;3,47730e+12
2017-04-01;13,2424000000000;1,016810040195717;1266805,699999999;82,60000;7,00000000000000;1582114051000;0,984299792724824;4857935,99999962;112,1384234747580;1,03;3,48910e+12
2017-05-01;13,1298500000000;1,026002589731400;1283908,895623265;82,80000;7,00000000000000;1582829412400;0,979230380759738;4900050,34860449;112,2342706329350;1,05;3,51710e+12
2017-06-01;13,0624500000000;1,026739065882189;1288070,710823480;83,00000;7,00000000000000;1601588758200;0,986962629553484;4966480,32974945;112,3360795760710;1,16;3,52770e+12
2017-07-01;13,0195000000000;1,023097167102888;1288602,900000108;83,10000;6,91666666666667;1628255753500;0,970150754223573;4920944,00000011;112,2585763716120;1,22;3,54820e+12
2017-08-01;13,0718954248366;1,031302244209053;1299461,064489590;83,20000;6,75000000000000;1636840443600;0,973465205538385;4989666,93937259;112,5947293234980;1,25;3,58860e+12
2017-09-01;13,4952766531714;1,023402667303422;1304006,561513255;83,60000;6,75000000000000;1652874306800;0,976545639432776;5001650,92014038;113,1909078193400;1,25;3,54220e+12
2017-10-01;14,1043723554302;1,020105859100931;1314865,499999970;83,90000;6,75000000000000;1655018921600;0,994884473680389;5050987,00000078;113,1193663998390;1,26;3,60160e+12
2017-11-01;13,6239782016349;1,017229959272371;1316808,542830697;83,90000;6,75000000000000;1692079360000;1,007345693358906;5009301,09117217;113,1221179928960;1,32;3,60330e+12
2017-12-01;12,3152709359606;0,995192036330261;1279295,395689190;84,30000;6,75000000000000;1700965660100;1,010975494778552;4969276,18397666;113,0556211606680;1,54;3,65270e+12
2018-01-01;11,8483412322275;0,978752327562739;1264983,100000093;84,70000;6,75000000000000;1658648542400;0,996692010799362;4923798,00000028;113,6715194067570;1,63;3,65190e+12
2018-02-01;11,7508813160987;0,980542188429200;1295757,088507017;85,20000;6,75000000000000;1656576579200;0,998883199269170;5018077,08915229;114,1869845062380;1,78;3,56610e+12
2018-03-01;11,8680557039063;0,991822199055998;1321796,685555605;85,60000;6,73750000000000;1687296587700;1,005921898014956;5083486,92361534;114,4451756548220;2,08;3,68840e+12
2018-04-01;12,4314560591538;0,995177397354418;1329844,499999867;86,10000;6,50000000000000;1657874020900;1,005446339213091;5135596,99999982;114,9001057070330;2,20;3,69810e+12
2018-05-01;12,5788536890633;1,007054394018724;1349744,405317000;86,40000;6,50000000000000;1652783956200;0,998038666039158;5143709,93248682;115,3779657013930;2,16;3,65570e+12
2018-06-01;13,7711076652740;1,004316660207998;1354177,772427296;86,60000;6,50000000000000;1643035094500;1,005920677141494;5220727,48729630;115,5618638374180;2,19;3,65660e+12
2018-07-01;13,0854084610251;1,010744645081985;1360505,499999990;87,30000;6,50000000000000;1700152546500;0,994577677336691;5187829,00000015;115,5696600177480;2,17;3,68070e+12
2018-08-01;14,7175914955869;1,013412380922948;1371428,443591452;87,20000;6,50000000000000;1719556416400;1,000816158792276;5264939,66180162;115,6338638557610;2,19;3,69090e+12
2018-09-01;14,1837533615495;1,006757907980320;1374302,699792995;87,70000;6,50000000000000;1756909840500;1,000813410230317;5275123,24970811;115,7682333167470;2,24;3,67570e+12
2018-10-01;14,7856596843853;1,010430318467777;1393275,700000008;88,10000;6,50000000000000;1723520875100;1,014751802979516;5285745,00000003;115,9727684007050;2,37;3,72220e+12
2018-11-01;13,7624464124743;1,000349175884516;1388542,739048357;88,20000;6,56818181818182;1761284001700;1,024362334195903;5224756,05054979;115,5843351807220;2,56;3,68000e+12
2018-12-01;14,3766569097088;0,979368750747105;1346721,052568852;88,10000;6,75000000000000;1778086637400;1,023022506268302;5180186,25652872;115,2151631121430;2,69;3,80070e+12
2019-01-01;13,2772502283687;0,959593288218061;1329994,199999846;88,00000;6,75000000000000;1729723628200;1,007786819154050;5120261,00000009;115,4348319579190;2,59;3,74850e+12
2019-02-01;13,9577081443227;0,966482127397149;1360250,263131675;88,70000;6,75000000000000;1722344623000;1,011031836458953;5213067,09271342;115,9227811268230;2,49;3,70510e+12
2019-03-01;14,4868539044244;0,973559303353670;1389559,830236676;89,40000;6,75000000000000;1782609231100;1,018917315784978;5305878,54260751;116,5767430768770;2,48;3,75730e+12
2019-04-01;14,2951899544841;0,983631775791975;1400404,200000151;89,90000;6,75000000000000;1779321613700;1,017926581908861;5352103,00000030;117,1940171194950;2,47;3,82380e+12
2019-05-01;14,6796963651604;0,986944556738186;1415446,564156986;90,20000;6,75000000000000;1766793880800;1,010667387935176;5378130,23602395;117,4434948900620;2,44;3,79130e+12
2019-06-01;14,1703072547722;0,983959536903910;1414075,497686047;90,50000;6,75000000000000;1791037083000;1,019200813943614;5450191,23062433;117,4668834310530;2,30;3,83130e+12
2019-07-01;14,2364561474441;0,991189281849664;1425646,699999809;90,80000;6,64000000000000;1799542987300;1,003183584005401;5397763,99999964;117,6631637358380;2,22;3,86350e+12
2019-08-01;15,2419971893757;0,993941032198396;1435935,682286916;91,00000;6,50000000000000;1820392844800;1,006710944643939;5491910,28007833;117,6572019508790;2,06;3,85070e+12
2019-09-01;15,2089404200000;0,989891751557542;1436755,607156877;91,30000;6,50000000000000;1834572900400;1,004978670258394;5496575,50082460;117,7493803183130;2,03;3,87800e+12
2019-10-01;15,1600599125568;0,990651734636454;1457620,000000116;91,30000;6,50000000000000;1829554886200;1,018388385467770;5511056,00000018;118,0185778391280;1,88;3,92490e+12
2019-11-01;14,6519073120343;0,988889842047157;1455174,931410223;91,40000;6,50000000000000;1839280413400;1,022844953651952;5430978,49361752;117,9552911988000;1,77;3,92610e+12
2019-12-01;14,0255405092674;0,973565852679362;1417219,473914735;91,60000;6,50000000000000;1835279931400;1,012272952320998;5341149,10318486;117,8479790695490;1,76;4,04330e+12
2020-01-01;14,9059953403859;0,971407490387434;1415564,600000001;91,80000;6,37500000000000;1836686248600;0,989075121982180;5254152,00000008;118,3052021159750;1,65;3,98350e+12
2020-02-01;15,5467560916077;0,928446304761475;1381747,944447943;92,70000;6,25000000000000;1834907568300;0,979300492179433;5298320,18206665;118,6294314979440;1,59;3,94140e+12
2020-03-01;17,8909439619853;0,891234552419021;1340356,113208195;93,10000;5,86538461538461;2054220331100;0,958253269904606;5232669,09378412;118,3712403493610;1,35;4,28570e+12
2020-05-01;17,4898864731469;0,851252360347967;1293461,575145564;92,00000;4,09000000000000;2056082918200;0,912063076480205;5072204,51396769;117,5819917406350;0,17;1,61663e+13
2020-06-01;17,3355592191371;0,894337691753670;1360874,621104578;92,40000;3,75000000000000;2060947575300;0,946303727923575;5287377,35786001;118,2254059173010;0,20;1,65399e+13
2020-07-01;16,7499979100000;0,927752669982909;1413610,299999845;93,70000;3,68518518518519;2060705138800;0,951984727271989;5349432,99999995;118,8234188085140;0,18;1,67418e+13
2020-08-01;16,7076002873707;0,944863248694898;1439919,082295421;93,80000;3,50000000000000;2146325155900;0,958747062799218;5463314,91725868;119,1980940632090;0,15;1,68651e+13
2020-09-01;16,8442613286080;0,962846217986282;1474119,725141475;93,90000;3,50000000000000;2120407599100;0,953846179398863;5470129,20914404;119,3641068443580;0,13;1,71325e+13
2020-10-01;16,2591050988554;0,973672330985720;1509899,200000003;94,30000;3,50000000000000;2163266585100;0,974268925184006;5539370,00000022;119,4136355193980;0,12;1,73172e+13
2020-11-01;15,2766914352757;0,973028018147210;1505659,280098579;94,30000;3,50000000000000;2207225811100;0,983087268327774;5494071,70318313;119,3407183033680;0,16;1,76372e+13
2020-12-01;14,6859483377709;0,968187636877142;1477272,526291885;94,40000;3,50000000000000;2189376212500;0,981968605483963;5456163,88927612;119,4530750198920;0,17;1,79437e+13
2021-01-01;15,0091105300918;0,959066246591359;1465300,299999658;94,80000;3,50000000000000;2189128193600;0,974008658862488;5444405,99999967;119,9612025378860;0,14;1,80801e+13
2021-02-01;14,9600939493900;0,969104270927394;1511815,263117852;95,40000;3,50000000000000;2196472052800;0,969891811059231;5508159,24285225;120,6179160809980;0,11;1,82582e+13
2021-03-01;14,7973429890929;0,987422146516602;1559277,806531743;96,00000;3,50000000000000;2249143285700;0,992422577464830;5690744,97258444;121,4722857254230;0,10;1,87156e+13
2021-04-01;14,3907047559840;0,994678187308459;1579121,399999985;96,70000;3,50000000000000;2196437067100;1,003430639334371;5784815,99999982;122,4706554065360;0,11;1,90793e+13
2021-05-01;13,7700078213644;0,986581964859732;1573455,202975769;96,80000;3,50000000000000;2231698373200;1,001548753187358;5833469,77644377;123,4525155293030;0,10;1,91618e+13
2021-06-01;14,2923908740000;0,983694596980341;1569210,122781932;97,10000;3,50000000000000;2185379845100;1,003387877022596;5891614,60695293;124,5994712355340;0,09;1,93015e+13
2021-07-01;14,5540493731571;0,969383942389295;1551077,000000127;98,10000;3,50000000000000;2212022291200;0,995515677719255;5883176,99999943;125,1988599232760;0,10;1,94440e+13
2021-08-01;14,5431487953183;0,984504147942324;1572801,757895854;98,50000;3,50000000000000;2277854392100;1,004097755409733;6014962,39881064;125,4575096707030;0,10;1,96549e+13
2021-09-01;15,1637610373226;0,990876594233769;1591212,838797320;98,70000;3,50000000000000;2290659920500;1,012228693025023;6068400,47918492;125,7982486110190;0,10;1,98386e+13
2021-10-01;15,2113464475421;0,983194914987439;1596998,499999865;99,00000;3,50000000000000;2258845377900;1,046383475757075;6203369,00000012;126,8433953741130;0,11;2,00114e+13
2021-11-01;16,0350461969681;0,989844038522561;1606018,927407154;99,40000;3,59523809523810;2354480786700;1,056850211498125;6144608,46178183;127,4666312016890;0,14;2,02566e+13
2021-12-01;15,9054073613406;0,983552020019305;1574952,163797710;100,00000;3,75000000000000;2316059718200;1,055911179180093;6071372,58587844;127,8582746135730;0,17;2,05788e+13
2022-01-01;15,5749896815693;0,973365511452378;1566139,599999841;100,20000;3,77380952380952;2328845864700;1,041077655480760;6010732,99999968;128,9341474991460;0,22;2,05411e+13
2022-02-01;15,3934488560358;1,001189952763241;1611416,518444820;100,80000;4,00000000000000;2294999775300;1,050508632698490;6155441,70155398;130,1118293278550;0,38;2,05205e+13
2022-03-01;14,5793422383956;1,038361487251569;1656851,982799720;101,90000;4,05681818181818;2403093845900;1,077092738758879;6290803,04839019;131,8490017449690;0,73;2,08021e+13
2022-04-01;15,8293469761198;1,080923918461458;1666303,800000096;102,50000;4,25000000000000;2335543735500;1,108452356420263;6352982,00000060;132,5850528879120;0,91;2,08212e+13
2022-05-01;15,6375589145032;1,060571311436867;1685457,587331126;103,20000;4,44047619047619;2378735081400;1,093962935247487;6400229,64961738;134,0466074004090;1,33;2,05432e+13
2022-06-01;16,3623006049143;1,042097434889809;1693406,500181839;104,30000;4,75000000000000;2338821963900;1,092671179028716;6457519,52965869;135,8878817548740;1,87;2,05414e+13
2022-07-01;16,5235998314593;1,030827005025744;1702460,999999911;106,00000;4,96428571428571;2399514110100;1,078464869141581;6439153,99999916;135,8718307953710;2,50;2,04828e+13
2022-08-01;17,0453867513027;1,050118981447754;1708047,837093373;106,30000;5,50000000000000;2428127652500;1,074434216850990;6540344,81895979;135,8236779168610;2,76;2,03940e+13
2022-09-01;17,9841883016452;1,040601462265765;1714108,961080800;106,40000;5,70454545454545;2430931772800;1,068828552119344;6585428,11402779;136,1158053798230;3,21;2,02464e+13
2022-10-01;18,3789406746174;1,033455891752725;1703441,299999957;106,70000;6,25000000000000;2441374023100;1,090467286497038;6655020,00000019;136,6679583867410;3,85;2,00569e+13
